architecture_id,family,variant,baseline_source,w_bits,m_bits,l_bits,k_bits,approximation_strategy,is_literature_baseline,selected_for_synthesis,input_vectors,ssim,ncc,mae,mre,mred,accuracy_rank,technology_node_nm,supply_voltage,clock_mhz,energy_saving_pct,area_saving_pct,power_mw,area_um2,delay_ns,pdp,edp,normalized_error,normalized_energy_saving,normalized_area_saving,balanced_score,pareto_optimal_energy_error,pareto_optimal_area_error
1,M-AxPPA,M-AxPPA-COPY,synthetic_from_public_paper_structure,16,1,1,14,COPY,0,0,1000000,0.902,0.948,12280.0,0.208,0.13690627151044535,412,65,1.25,200,95.7913,71.6153,0.052609,283.847,3.46875,0.182488,0.633006,0.657507,0.977462,0.792215,0.796433,1,0
2,M-AxPPA,M-AxPPA-COPY,synthetic_from_public_paper_structure,16,1,2,13,COPY,0,0,1000000,0.91495,0.965503,10274.991,0.178387,0.119389,406,65,1.25,200,89.791,67.263,0.127612,327.37,3.578125,0.456612,1.633813,0.701329,0.916235,0.74407,0.785094,0,0
3,M-AxPPA,M-AxPPA-COPY,synthetic_from_public_paper_structure,16,1,3,12,COPY,0,0,1000000,0.926615,0.970244,8870.609,0.154139,0.100555,390,65,1.25,200,85.8329,64.6188,0.177088,353.812,3.6875,0.653013,2.407986,0.748445,0.875846,0.714819,0.78631,0,0
4,M-AxPPA,M-AxPPA-COPY,synthetic_from_public_paper_structure,16,1,4,11,COPY,0,0,1000000,0.939279,0.975373,7352.9,0.127407,0.08469,372,65,1.25,200,80.8701,60.6563,0.239124,393.437,3.796875,0.907924,3.447275,0.788134,0.825205,0.670986,0.777679,0,0
5,M-AxPPA,M-AxPPA-COPY,synthetic_from_public_paper_structure,16,1,5,10,COPY,0,0,1000000,0.94979,0.979636,6104.879,0.105361,0.069929,352,65,1.25,200,76.437,58.1959,0.294538,418.041,3.90625,1.150539,4.494295,0.825061,0.779969,0.643769,0.773021,0,0
6,M-AxPPA,M-AxPPA-COPY,synthetic_from_public_paper_structure,16,1,6,9,COPY,0,0,1000000,0.958588,0.983209,5048.049,0.08699,0.056657,329,65,1.25,200,72.2837,54.2827,0.346454,457.173,4.015625,1.391229,5.586656,0.858263,0.737589,0.60048,0.764471,0,0
7,M-AxPPA,M-AxPPA-COPY,synthetic_from_public_paper_structure,16,1,7,8,COPY,0,1,1000000,0.966743,0.98652,4089.533,0.069966,0.044319,304,65,1.25,200,67.4021,51.7391,0.407474,482.609,4.125,1.680829,6.933421,0.889129,0.687777,0.572343,0.755298,0,0
8,M-AxPPA,M-AxPPA-COPY,synthetic_from_public_paper_structure,16,1,8,7,COPY,0,0,1000000,0.974355,0.989604,3117.15,0.053924,0.034484,274,65,1.25,200,63.2381,48.5008,0.459523,514.992,4.234375,1.945794,8.239221,0.913733,0.645287,0.53652,0.744334,0,0
9,M-AxPPA,M-AxPPA-COPY,synthetic_from_public_paper_structure,16,1,9,6,COPY,0,0,1000000,0.980489,0.992094,2373.733,0.041103,0.025379,237,65,1.25,200,58.4484,45.502,0.519394,544.98,4.34375,2.25612,9.80002,0.93651,0.596412,0.503347,0.730843,0,0
10,M-AxPPA,M-AxPPA-COPY,synthetic_from_public_paper_structure,16,1,10,5,COPY,0,0,1000000,0.987087,0.99476,1605.625,0.027032,0.018711,214,65,1.25,200,55.3814,40.8302,0.557732,591.698,4.453125,2.483652,11.060014,0.953191,0.565116,0.451668,0.71706,0,0
11,M-AxPPA,M-AxPPA-COPY,synthetic_from_public_paper_structure,16,1,11,4,COPY,0,0,1000000,0.99061,0.996195,1176.688,0.019784,0.012191,177,65,1.25,200,49.1481,37.2942,0.635648,627.058,4.5625,2.900146,13.231916,0.969502,0.501511,0.412552,0.694315,0,0
12,M-AxPPA,M-AxPPA-COPY,synthetic_from_public_paper_structure,16,1,12,3,COPY,0,0,1000000,0.99388,0.997526,781.315,0.013012,0.00661,123,65,1.25,200,45.1909,35.6181,0.685114,643.819,4.671875,3.200766,14.953577,0.983464,0.461132,0.394011,0.682757,0,0
13,M-AxPPA,M-AxPPA-COPY,synthetic_from_public_paper_structure,16,1,13,2,COPY,0,0,1000000,0.996517,0.998592,476.136,0.007419,0.003618,83,65,1.25,200,41.3387,31.8435,0.733267,681.565,4.78125,3.505931,16.762735,0.990949,0.421823,0.352256,0.664016,0,0
14,M-AxPPA,M-AxPPA-COPY,synthetic_from_public_paper_structure,16,1,14,1,COPY,0,1,1000000,0.998306,0.999315,181.729,0.003612,0.001725,47,65,1.25,200,35.1634,26.9875,0.810457,730.125,4.890625,3.963643,19.384693,0.995685,0.35881,0.298538,0.633349,0,0
15,M-AxPPA,M-AxPPA-COPY,synthetic_from_public_paper_structure,16,2,1,13,COPY,0,1,1000000,0.915055,0.965548,10218.852,0.178238,0.118451,405,65,1.25,200,90.167,67.86,0.122913,321.4,3.578125,0.439798,1.573653,0.703675,0.920071,0.750674,0.788814,0,0
16,M-AxPPA,M-AxPPA-COPY,synthetic_from_public_paper_structure,16,2,2,12,COPY,0,0,1000000,0.927579,0.97063,8738.146,0.151998,0.10054,389,65,1.25,200,85.4121,62.3873,0.182348,376.127,3.6875,0.672409,2.479507,0.748483,0.871552,0.690134,0.779887,0,0
17,M-AxPPA,M-AxPPA-COPY,synthetic_from_public_paper_structure,16,2,3,11,COPY,0,0,1000000,0.938525,0.97507,7435.603,0.129062,0.084939,373,65,1.25,200,81.5645,61.1708,0.230444,388.292,3.796875,0.874965,3.322134,0.787511,0.832291,0.676677,0.781017,0,0
18,M-AxPPA,M-AxPPA-COPY,synthetic_from_public_paper_structure,16,2,4,10,COPY,0,0,1000000,0.949613,0.979565,6149.653,0.105747,0.070021,353,65,1.25,200,75.6717,57.6117,0.304104,423.883,3.90625,1.187908,4.640264,0.824831,0.77216,0.637306,0.768891,0,0
19,M-AxPPA,M-AxPPA-COPY,synthetic_from_public_paper_structure,16,2,5,9,COPY,0,0,1000000,0.958493,0.983168,5022.892,0.087136,0.05739,339,65,1.25,200,71.0953,54.6974,0.361308,453.026,4.015625,1.450879,5.826187,0.85643,0.725462,0.605068,0.760319,0,0
20,M-AxPPA,M-AxPPA-COPY,synthetic_from_public_paper_structure,16,2,6,8,COPY,0,0,1000000,0.966913,0.986587,4032.631,0.069562,0.044589,307,65,1.25,200,66.2474,50.0749,0.421908,499.251,4.125,1.740369,7.179023,0.888453,0.675994,0.553933,0.747188,0,0
21,M-AxPPA,M-AxPPA-COPY,synthetic_from_public_paper_structure,16,2,7,7,COPY,0,0,1000000,0.974012,0.989465,3189.476,0.054636,0.035039,278,65,1.25,200,63.6183,46.1592,0.454772,538.408,4.234375,1.925674,8.154025,0.912344,0.649166,0.510617,0.739887,0,0
22,M-AxPPA,M-AxPPA-COPY,synthetic_from_public_paper_structure,16,2,8,6,COPY,0,0,1000000,0.980891,0.992251,2373.006,0.040123,0.026348,242,65,1.25,200,57.8827,43.2038,0.526466,567.962,4.34375,2.286837,9.93345,0.934086,0.59064,0.477924,0.722648,0,0
23,M-AxPPA,M-AxPPA-COPY,synthetic_from_public_paper_structure,16,2,9,5,COPY,0,0,1000000,0.987048,0.994751,1595.812,0.027267,0.017036,198,65,1.25,200,52.3171,39.0616,0.596036,609.384,4.453125,2.654222,11.819583,0.957382,0.533848,0.432103,0.704089,0,0
24,M-AxPPA,M-AxPPA-COPY,synthetic_from_public_paper_structure,16,2,10,4,COPY,0,0,1000000,0.991454,0.996537,1108.615,0.018003,0.011109,166,65,1.25,200,48.9111,36.2602,0.638612,637.398,4.5625,2.913666,13.2936,0.972209,0.499093,0.401114,0.692399,0,0
25,M-AxPPA,M-AxPPA-COPY,synthetic_from_public_paper_structure,16,2,11,3,COPY,0,0,1000000,0.994091,0.997611,764.007,0.012559,0.006439,121,65,1.25,200,45.5462,33.3373,0.680672,666.627,4.671875,3.180015,14.856631,0.983892,0.464757,0.36878,0.679172,0,0
26,M-AxPPA,M-AxPPA-COPY,synthetic_from_public_paper_structure,16,2,12,2,COPY,0,0,1000000,0.997153,0.998845,361.202,0.005956,0.004167,91,65,1.25,200,38.6802,31.5813,0.766498,684.187,4.78125,3.664819,17.522417,0.989576,0.394696,0.349355,0.653324,0,0
27,M-AxPPA,M-AxPPA-COPY,synthetic_from_public_paper_structure,16,2,13,1,COPY,0,0,1000000,0.998839,0.999533,160.828,0.002512,0.000765,17,65,1.25,200,36.0796,27.4824,0.799004,725.176,4.890625,3.907631,19.110757,0.998086,0.368159,0.304013,0.638797,0,0
28,M-AxPPA,M-AxPPA-COPY,synthetic_from_public_paper_structure,16,3,1,12,COPY,0,1,1000000,0.927575,0.970624,8783.629,0.151926,0.101463,391,65,1.25,200,85.2149,61.8603,0.184813,381.397,3.6875,0.681499,2.513027,0.746174,0.86954,0.684304,0.776978,0,0
29,M-AxPPA,M-AxPPA-COPY,synthetic_from_public_paper_structure,16,3,2,11,COPY,0,0,1000000,0.93893,0.975234,7436.56,0.12819,0.084604,371,65,1.25,200,79.4573,60.4858,0.256784,395.142,3.796875,0.974978,3.701868,0.788349,0.810789,0.6691,0.772353,0,0
30,M-AxPPA,M-AxPPA-COPY,synthetic_from_public_paper_structure,16,3,3,10,COPY,0,0,1000000,0.949297,0.97944,6120.162,0.106485,0.069626,351,65,1.25,200,75.8924,55.2386,0.301344,447.614,3.90625,1.177127,4.598151,0.825819,0.774412,0.611055,0.764874,0,0
31,M-AxPPA,M-AxPPA-COPY,synthetic_from_public_paper_structure,16,3,4,9,COPY,0,0,1000000,0.959293,0.983488,4972.129,0.085359,0.057383,338,65,1.25,200,71.3683,52.7936,0.357896,472.064,4.015625,1.437178,5.771167,0.856447,0.728248,0.584008,0.75709,0,0
32,M-AxPPA,M-AxPPA-COPY,synthetic_from_public_paper_structure,16,3,5,8,COPY,0,0,1000000,0.967411,0.986787,3971.592,0.068479,0.044346,305,65,1.25,200,65.1407,48.4468,0.435741,515.532,4.125,1.797431,7.414404,0.889061,0.664701,0.535923,0.739908,0,0
33,M-AxPPA,M-AxPPA-COPY,synthetic_from_public_paper_structure,16,3,6,7,COPY,0,0,1000000,0.974087,0.989496,3214.544,0.054493,0.034774,276,65,1.25,200,61.1955,47.2504,0.485057,527.496,4.234375,2.053912,8.697033,0.913007,0.624444,0.522688,0.733946,0,0
34,M-AxPPA,M-AxPPA-COPY,synthetic_from_public_paper_structure,16,3,7,6,COPY,0,0,1000000,0.980794,0.992219,2389.263,0.040489,0.024642,234,65,1.25,200,57.3515,43.6363,0.533106,563.637,4.34375,2.31568,10.058735,0.938354,0.585219,0.482709,0.723628,0,0
35,M-AxPPA,M-AxPPA-COPY,synthetic_from_public_paper_structure,16,3,8,5,COPY,0,0,1000000,0.986472,0.994517,1659.467,0.028462,0.018002,207,65,1.25,200,52.7542,38.5988,0.590573,614.012,4.453125,2.629896,11.711255,0.954965,0.538308,0.426984,0.703539,0,0
36,M-AxPPA,M-AxPPA-COPY,synthetic_from_public_paper_structure,16,3,9,4,COPY,0,0,1000000,0.991033,0.99637,1122.043,0.01896,0.010867,164,65,1.25,200,47.6321,35.8182,0.654599,641.818,4.5625,2.986609,13.626402,0.972814,0.486042,0.396224,0.687126,0,0
37,M-AxPPA,M-AxPPA-COPY,synthetic_from_public_paper_structure,16,3,10,3,COPY,0,0,1000000,0.994685,0.997843,700.82,0.011128,0.007673,136,65,1.25,200,42.5083,32.838,0.718646,671.62,4.671875,3.357423,15.685459,0.980805,0.433758,0.363257,0.665829,0,0
38,M-AxPPA,M-AxPPA-COPY,synthetic_from_public_paper_structure,16,3,11,2,COPY,0,0,1000000,0.99744,0.998963,307.19,0.005396,0.003295,76,65,1.25,200,39.7522,29.6299,0.753097,703.701,4.78125,3.600745,17.216064,0.991757,0.405635,0.327769,0.653817,0,0
39,M-AxPPA,M-AxPPA-COPY,synthetic_from_public_paper_structure,16,3,12,1,COPY,0,0,1000000,0.99799,0.999188,240.406,0.004293,0.001969,54,65,1.25,200,33.5661,27.5719,0.830424,724.281,4.890625,4.061294,19.862264,0.995074,0.342511,0.305003,0.628663,0,0
40,M-AxPPA,M-AxPPA-COPY,synthetic_from_public_paper_structure,16,4,1,11,COPY,0,1,1000000,0.93865,0.975119,7400.406,0.128747,0.08534,375,65,1.25,200,79.4353,57.5835,0.257059,424.165,3.796875,0.97602,3.705826,0.786508,0.810564,0.636994,0.765025,0,0
41,M-AxPPA,M-AxPPA-COPY,synthetic_from_public_paper_structure,16,4,2,10,COPY,0,0,1000000,0.948994,0.979316,6212.383,0.107081,0.070479,354,65,1.25,200,74.6932,54.9024,0.316336,450.976,3.90625,1.235686,4.826898,0.823685,0.762176,0.607335,0.758887,0,0
42,M-AxPPA,M-AxPPA-COPY,synthetic_from_public_paper_structure,16,4,3,9,COPY,0,0,1000000,0.95885,0.983316,4996.824,0.086458,0.056086,325,65,1.25,200,69.254,52.1144,0.384326,478.856,4.015625,1.543307,6.197343,0.859692,0.706673,0.576494,0.749496,0,0
43,M-AxPPA,M-AxPPA-COPY,synthetic_from_public_paper_structure,16,4,4,8,COPY,0,0,1000000,0.96796,0.987,3933.924,0.067108,0.046033,314,65,1.25,200,65.838,48.2736,0.427024,517.264,4.125,1.761476,7.266088,0.884841,0.671816,0.534007,0.740116,0,0
44,M-AxPPA,M-AxPPA-COPY,synthetic_from_public_paper_structure,16,4,5,7,COPY,0,0,1000000,0.974402,0.989624,3104.435,0.053837,0.034287,272,65,1.25,200,60.8154,46.1477,0.489808,538.523,4.234375,2.074029,8.782218,0.914225,0.620565,0.51049,0.730697,0,0
45,M-AxPPA,M-AxPPA-COPY,synthetic_from_public_paper_structure,16,4,6,6,COPY,0,0,1000000,0.980771,0.992203,2332.197,0.040378,0.026469,244,65,1.25,200,55.4742,43.704,0.556572,562.96,4.34375,2.417611,10.501496,0.933783,0.566063,0.483458,0.715016,0,0
46,M-AxPPA,M-AxPPA-COPY,synthetic_from_public_paper_structure,16,4,7,5,COPY,0,0,1000000,0.986848,0.994671,1656.613,0.027713,0.017023,197,65,1.25,200,50.8843,39.1355,0.613946,608.645,4.453125,2.733979,12.174751,0.957414,0.519228,0.432921,0.69915,0,0
47,M-AxPPA,M-AxPPA-COPY,synthetic_from_public_paper_structure,16,4,8,4,COPY,0,0,1000000,0.990938,0.996332,1137.269,0.019173,0.010857,163,65,1.25,200,47.3926,37.1173,0.657593,628.827,4.5625,3.000267,13.688716,0.972839,0.483598,0.410595,0.689156,0,0
48,M-AxPPA,M-AxPPA-COPY,synthetic_from_public_paper_structure,16,4,9,3,COPY,0,0,1000000,0.994686,0.997849,707.651,0.011254,0.006252,119,65,1.25,200,42.9581,32.1308,0.713024,678.692,4.671875,3.331158,15.562756,0.98436,0.438348,0.355434,0.66747,0,0
49,M-AxPPA,M-AxPPA-COPY,synthetic_from_public_paper_structure,16,4,10,2,COPY,0,0,1000000,0.9987,0.9993,10300.0,0.0202,0.002673596410884164,69,65,1.25,200,38.2096,29.5049,0.77238,704.951,4.78125,3.692943,17.656886,0.993312,0.389894,0.326386,0.64873,0,0
50,M-AxPPA,M-AxPPA-COPY,synthetic_from_public_paper_structure,16,4,11,1,COPY,0,0,1000000,0.998365,0.999344,201.319,0.003582,0.000587,11,65,1.25,200,34.8889,25.1227,0.813889,748.773,4.890625,3.980427,19.466773,0.998532,0.356009,0.27791,0.629524,0,0
51,M-AxPPA,M-AxPPA-COPY,synthetic_from_public_paper_structure,16,5,1,10,COPY,0,0,1000000,0.948746,0.979216,6215.391,0.107617,0.070656,355,65,1.25,200,72.7296,55.8079,0.34088,441.921,3.90625,1.331562,5.201415,0.823242,0.742139,0.617352,0.753678,0,0
52,M-AxPPA,M-AxPPA-COPY,synthetic_from_public_paper_structure,16,5,2,9,COPY,0,0,1000000,0.958933,0.983348,4977.52,0.086257,0.056283,328,65,1.25,200,68.9713,52.3397,0.387859,476.603,4.015625,1.557496,6.254322,0.859199,0.703789,0.578987,0.748763,0,0
53,M-AxPPA,M-AxPPA-COPY,synthetic_from_public_paper_structure,16,5,3,8,COPY,0,0,1000000,0.967632,0.986872,3926.858,0.067902,0.045308,311,65,1.25,200,65.1047,49.1352,0.436191,508.648,4.125,1.799289,7.422069,0.886655,0.664334,0.543538,0.740219,0,0
54,M-AxPPA,M-AxPPA-COPY,synthetic_from_public_paper_structure,16,5,4,7,COPY,0,0,1000000,0.975321,0.989993,3037.467,0.05184,0.03377,268,65,1.25,200,60.8144,44.5936,0.489819,554.064,4.234375,2.074079,8.782428,0.915519,0.620555,0.493299,0.727837,0,0
55,M-AxPPA,M-AxPPA-COPY,synthetic_from_public_paper_structure,16,5,5,6,COPY,0,0,1000000,0.981726,0.992585,2274.917,0.038268,0.026342,241,65,1.25,200,54.6095,41.8788,0.567381,581.212,4.34375,2.464561,10.705435,0.934101,0.55724,0.463267,0.708033,0,0
56,M-AxPPA,M-AxPPA-COPY,synthetic_from_public_paper_structure,16,5,6,5,COPY,0,0,1000000,0.98747,0.994919,1569.737,0.026305,0.017317,201,65,1.25,200,51.9087,37.5277,0.601142,624.723,4.453125,2.676959,11.920832,0.956679,0.529681,0.415135,0.698921,0,0
57,M-AxPPA,M-AxPPA-COPY,synthetic_from_public_paper_structure,16,5,7,4,COPY,0,0,1000000,0.991757,0.99666,1071.411,0.017355,0.010821,162,65,1.25,200,47.2793,35.0259,0.659009,649.741,4.5625,3.006726,13.718189,0.972929,0.482442,0.38746,0.684165,0,0
58,M-AxPPA,M-AxPPA-COPY,synthetic_from_public_paper_structure,16,5,8,3,COPY,0,0,1000000,0.994715,0.99786,695.045,0.011155,0.006623,124,65,1.25,200,42.5314,32.1814,0.718357,678.186,4.671875,3.356074,15.67916,0.983431,0.433994,0.355994,0.665641,0,0
59,M-AxPPA,M-AxPPA-COPY,synthetic_from_public_paper_structure,16,5,9,2,COPY,0,0,1000000,0.99688,0.998742,374.516,0.006704,0.002587,68,65,1.25,200,38.2632,27.2767,0.77171,727.233,4.78125,3.689737,17.641556,0.993528,0.390441,0.301737,0.644089,0,0
60,M-AxPPA,M-AxPPA-COPY,synthetic_from_public_paper_structure,16,5,10,1,COPY,0,0,1000000,0.998825,0.999526,153.902,0.002523,0.000988,27,65,1.25,200,33.6316,25.069,0.829605,749.31,4.890625,4.057287,19.842667,0.997528,0.34318,0.277316,0.624464,0,0
61,M-AxPPA,M-AxPPA-COPY,synthetic_from_public_paper_structure,16,6,1,9,COPY,0,0,1000000,0.958678,0.983242,5064.945,0.086729,0.057344,337,65,1.25,200,68.0824,49.7852,0.39897,502.148,4.015625,1.602115,6.433491,0.856545,0.694718,0.550729,0.738742,0,0
62,M-AxPPA,M-AxPPA-COPY,synthetic_from_public_paper_structure,16,6,2,8,COPY,0,0,1000000,0.968045,0.987038,3885.789,0.06702,0.044893,309,65,1.25,200,63.31,46.4673,0.458625,535.327,4.125,1.891829,7.803796,0.887693,0.64602,0.514026,0.728374,0,0
63,M-AxPPA,M-AxPPA-COPY,synthetic_from_public_paper_structure,16,6,3,7,COPY,0,0,1000000,0.974516,0.98967,3101.741,0.053602,0.034082,271,65,1.25,200,60.5245,44.4806,0.493444,555.194,4.234375,2.089428,8.84742,0.914738,0.617597,0.492049,0.726201,0,0
64,M-AxPPA,M-AxPPA-COPY,synthetic_from_public_paper_structure,16,6,4,6,COPY,0,0,1000000,0.981543,0.992516,2256.483,0.038765,0.025331,236,65,1.25,200,56.1114,41.2455,0.548608,587.545,4.34375,2.383014,10.351218,0.93663,0.572565,0.456262,0.713134,0,0
65,M-AxPPA,M-AxPPA-COPY,synthetic_from_public_paper_structure,16,6,5,5,COPY,0,1,1000000,0.987249,0.994825,1572.82,0.026679,0.018643,213,65,1.25,200,49.7986,38.5217,0.627518,614.783,4.453125,2.794415,12.44388,0.953361,0.508149,0.426131,0.692091,0,0
66,M-AxPPA,M-AxPPA-COPY,synthetic_from_public_paper_structure,16,6,6,4,COPY,0,0,1000000,0.990925,0.996324,1101.121,0.019134,0.011613,173,65,1.25,200,45.1024,34.0995,0.68622,659.005,4.5625,3.130879,14.284635,0.970948,0.460229,0.377212,0.673449,0,0
67,M-AxPPA,M-AxPPA-COPY,synthetic_from_public_paper_structure,16,6,7,3,COPY,0,0,1000000,0.994183,0.997644,773.2,0.012278,0.007306,133,65,1.25,200,41.9709,32.2117,0.725364,677.883,4.671875,3.388809,15.832092,0.981723,0.428274,0.356329,0.662937,0,0
68,M-AxPPA,M-AxPPA-COPY,synthetic_from_public_paper_structure,16,6,8,2,COPY,0,0,1000000,0.996742,0.998681,391.033,0.006898,0.00386,86,65,1.25,200,36.3466,26.8235,0.795667,731.765,4.78125,3.804284,18.189233,0.990344,0.370884,0.296724,0.634809,0,0
69,M-AxPPA,M-AxPPA-COPY,synthetic_from_public_paper_structure,16,6,9,1,COPY,0,0,1000000,0.998843,0.999535,148.695,0.002524,0.000524,8,65,1.25,200,31.8864,25.6531,0.85142,743.469,4.890625,4.163978,20.364453,0.998689,0.325371,0.283777,0.620046,0,0
70,M-AxPPA,M-AxPPA-COPY,synthetic_from_public_paper_structure,16,7,1,8,COPY,0,0,1000000,0.968176,0.987091,3921.545,0.066738,0.044802,308,65,1.25,200,63.8496,48.23,0.45188,517.7,4.125,1.864007,7.689028,0.88792,0.651527,0.533525,0.734303,0,0
71,M-AxPPA,M-AxPPA-COPY,synthetic_from_public_paper_structure,16,7,2,7,COPY,0,0,1000000,0.975353,0.990001,3012.642,0.05165,0.035109,279,65,1.25,200,58.4467,45.1389,0.519416,548.611,4.234375,2.199403,9.313098,0.912169,0.596395,0.499331,0.71908,0,0
72,M-AxPPA,M-AxPPA-COPY,synthetic_from_public_paper_structure,16,7,3,6,COPY,0,0,1000000,0.981609,0.992538,2300.312,0.038525,0.026358,243,65,1.25,200,54.1628,40.4931,0.572965,595.069,4.34375,2.488819,10.810806,0.934061,0.552682,0.447938,0.703354,0,0
73,M-AxPPA,M-AxPPA-COPY,synthetic_from_public_paper_structure,16,7,4,5,COPY,0,1,1000000,0.986927,0.994698,1592.433,0.027434,0.01819,209,65,1.25,200,50.6433,37.2415,0.616958,627.585,4.453125,2.747392,12.23448,0.954495,0.516768,0.411969,0.692785,0,0
74,M-AxPPA,M-AxPPA-COPY,synthetic_from_public_paper_structure,16,7,5,4,COPY,0,0,1000000,0.991729,0.996642,1038.52,0.017278,0.012406,180,65,1.25,200,45.8009,34.5108,0.677489,654.892,4.5625,3.091044,14.102886,0.968964,0.467356,0.381762,0.675961,0,0
75,M-AxPPA,M-AxPPA-COPY,synthetic_from_public_paper_structure,16,7,6,3,COPY,0,0,1000000,0.994882,0.997924,613.596,0.010744,0.007087,130,65,1.25,200,39.5207,30.8494,0.755992,691.506,4.671875,3.531898,16.500586,0.982271,0.403272,0.341259,0.651419,0,0
76,M-AxPPA,M-AxPPA-COPY,synthetic_from_public_paper_structure,16,7,7,2,COPY,0,0,1000000,0.997306,0.99891,378.764,0.005709,0.003124,74,65,1.25,200,36.758,27.3773,0.790525,726.227,4.78125,3.779698,18.071681,0.992185,0.375082,0.30285,0.638332,0,0
77,M-AxPPA,M-AxPPA-COPY,synthetic_from_public_paper_structure,16,7,8,1,COPY,0,0,1000000,0.999301,0.999713,58.209,0.001377,0.001975,55,65,1.25,200,31.0084,22.7617,0.862395,772.383,4.890625,4.21765,20.626945,0.995059,0.316412,0.251792,0.608879,0,0
78,M-AxPPA,M-AxPPA-COPY,synthetic_from_public_paper_structure,16,8,1,7,COPY,0,0,1000000,0.97555,0.990081,3007.623,0.05125,0.034687,275,65,1.25,200,58.3393,42.6457,0.520758,573.543,4.234375,2.205086,9.337162,0.913225,0.595299,0.471751,0.713656,0,0
79,M-AxPPA,M-AxPPA-COPY,synthetic_from_public_paper_structure,16,8,2,6,COPY,0,0,1000000,0.982005,0.992703,2250.887,0.037799,0.02464,233,65,1.25,200,53.6525,39.6681,0.579343,603.319,4.34375,2.516522,10.931143,0.938359,0.547474,0.438812,0.70164,0,0
80,M-AxPPA,M-AxPPA-COPY,synthetic_from_public_paper_structure,16,8,3,5,COPY,0,1,1000000,0.98743,0.9949,1567.949,0.026343,0.017898,205,65,1.25,200,49.3148,36.1468,0.633565,638.532,4.453125,2.821344,12.563796,0.955225,0.503212,0.399859,0.685947,0,0
81,M-AxPPA,M-AxPPA-COPY,synthetic_from_public_paper_structure,16,8,4,4,COPY,0,0,1000000,0.991669,0.996621,1045.594,0.017483,0.011592,172,65,1.25,200,43.2142,34.2861,0.709823,657.139,4.5625,3.238568,14.775966,0.971001,0.440961,0.379276,0.667142,0,0
82,M-AxPPA,M-AxPPA-COPY,synthetic_from_public_paper_structure,16,8,5,3,COPY,0,0,1000000,0.99447,0.997764,723.668,0.011759,0.005955,114,65,1.25,200,39.4118,31.3323,0.757353,686.677,4.671875,3.538258,16.5303,0.985103,0.402161,0.346601,0.653373,0,0
83,M-AxPPA,M-AxPPA-COPY,synthetic_from_public_paper_structure,16,8,6,2,COPY,0,0,1000000,0.997856,0.999131,296.539,0.00451,0.002867,72,65,1.25,200,34.6777,27.9691,0.816529,720.309,4.78125,3.904029,18.666139,0.992828,0.353854,0.309397,0.632501,0,0
84,M-AxPPA,M-AxPPA-COPY,synthetic_from_public_paper_structure,16,8,7,1,COPY,0,0,1000000,0.999235,0.999692,126.932,0.001642,0.000642,14,65,1.25,200,31.7468,22.1226,0.853164,778.774,4.890625,4.172507,20.406168,0.998394,0.323947,0.244722,0.611603,0,0
85,M-AxPPA,M-AxPPA-COPY,synthetic_from_public_paper_structure,16,9,1,6,COPY,0,0,1000000,0.982272,0.992808,2222.788,0.037149,0.025273,235,65,1.25,200,52.9707,38.8673,0.587867,611.327,4.34375,2.553546,11.091967,0.936775,0.540517,0.429954,0.696721,0,0
86,M-AxPPA,M-AxPPA-COPY,synthetic_from_public_paper_structure,16,9,2,5,COPY,0,0,1000000,0.986534,0.994546,1653.374,0.02843,0.016812,195,65,1.25,200,48.8164,36.4398,0.639795,635.602,4.453125,2.849088,12.687346,0.957942,0.498127,0.4031,0.686038,0,0
87,M-AxPPA,M-AxPPA-COPY,synthetic_from_public_paper_structure,16,9,3,4,COPY,0,0,1000000,0.991924,0.996721,1038.952,0.016858,0.012248,178,65,1.25,200,44.6336,31.6248,0.69208,683.752,4.5625,3.157617,14.406626,0.96936,0.455445,0.349837,0.665585,0,0
88,M-AxPPA,M-AxPPA-COPY,synthetic_from_public_paper_structure,16,9,4,3,COPY,0,0,1000000,0.994607,0.997818,660.415,0.01143,0.006242,118,65,1.25,200,39.2582,30.1002,0.759273,698.998,4.671875,3.547228,16.572204,0.984385,0.400594,0.332971,0.649775,0,0
89,M-AxPPA,M-AxPPA-COPY,synthetic_from_public_paper_structure,16,9,5,2,COPY,0,0,1000000,0.997103,0.998827,383.42,0.006132,0.003438,80,65,1.25,200,33.3366,24.7883,0.833292,752.117,4.78125,3.984177,19.049347,0.991399,0.340169,0.27421,0.620031,0,0
90,M-AxPPA,M-AxPPA-COPY,synthetic_from_public_paper_structure,16,9,6,1,COPY,0,0,1000000,0.998355,0.999337,174.714,0.003541,0.001274,36,65,1.25,200,30.5747,22.3132,0.867816,776.868,4.890625,4.244165,20.756618,0.996813,0.311987,0.246831,0.607127,0,0
91,M-AxPPA,M-AxPPA-COPY,synthetic_from_public_paper_structure,16,10,1,5,COPY,0,1,1000000,0.986832,0.994664,1649.873,0.027731,0.017221,200,65,1.25,200,47.047,35.5008,0.661913,644.992,4.453125,2.94758,13.125944,0.956919,0.480071,0.392713,0.677181,0,0
92,M-AxPPA,M-AxPPA-COPY,synthetic_from_public_paper_structure,16,10,2,4,COPY,0,0,1000000,0.991153,0.996419,1082.733,0.018717,0.010606,155,65,1.25,200,43.0335,32.5014,0.712082,674.986,4.5625,3.248872,14.822978,0.973467,0.439117,0.359534,0.663658,0,0
93,M-AxPPA,M-AxPPA-COPY,synthetic_from_public_paper_structure,16,10,3,3,COPY,0,0,1000000,0.99571,0.998258,529.508,0.008951,0.006566,122,65,1.25,200,39.3116,28.3291,0.758606,716.709,4.671875,3.544111,16.557642,0.983574,0.401139,0.313379,0.645683,0,0
94,M-AxPPA,M-AxPPA-COPY,synthetic_from_public_paper_structure,16,10,4,2,COPY,0,0,1000000,0.997486,0.998981,302.791,0.005283,0.003423,79,65,1.25,200,34.3189,25.582,0.821014,744.18,4.78125,3.925472,18.768662,0.991437,0.350193,0.28299,0.625312,0,0
95,M-AxPPA,M-AxPPA-COPY,synthetic_from_public_paper_structure,16,10,5,1,COPY,0,0,1000000,0.998938,0.999573,144.157,0.00232,0.00045,7,65,1.25,200,29.2113,21.777,0.884858,782.23,4.890625,4.327511,21.164231,0.998874,0.298074,0.240899,0.601999,0,0
96,M-AxPPA,M-AxPPA-COPY,synthetic_from_public_paper_structure,16,11,1,4,COPY,0,0,1000000,0.991216,0.996439,1066.007,0.018454,0.011986,176,65,1.25,200,42.3746,30.6739,0.720318,693.261,4.5625,3.28645,14.994429,0.970015,0.432394,0.339318,0.655708,0,0
97,M-AxPPA,M-AxPPA-COPY,synthetic_from_public_paper_structure,16,11,2,3,COPY,0,0,1000000,0.995379,0.998128,552.476,0.009738,0.005969,115,65,1.25,200,36.541,28.7224,0.793237,712.776,4.671875,3.705905,17.313524,0.985068,0.372867,0.31773,0.63733,0,0
98,M-AxPPA,M-AxPPA-COPY,synthetic_from_public_paper_structure,16,11,3,2,COPY,0,0,1000000,0.997342,0.998924,326.464,0.00562,0.003218,75,65,1.25,200,32.9196,24.4336,0.838505,755.664,4.78125,4.009103,19.168525,0.99195,0.335914,0.270287,0.618005,0,0
99,M-AxPPA,M-AxPPA-COPY,synthetic_from_public_paper_structure,16,11,4,1,COPY,0,0,1000000,0.998845,0.999534,148.243,0.002478,0.000981,26,65,1.25,200,28.523,20.7705,0.893462,792.295,4.890625,4.369589,21.370022,0.997546,0.291051,0.229765,0.596717,0,0
100,M-AxPPA,M-AxPPA-COPY,synthetic_from_public_paper_structure,16,12,1,3,COPY,0,1,1000000,0.996029,0.998389,543.502,0.008334,0.005522,111,65,1.25,200,36.1278,27.2871,0.798402,727.129,4.671875,3.730035,17.42626,0.986186,0.368651,0.301852,0.633182,0,0
101,M-AxPPA,M-AxPPA-COPY,synthetic_from_public_paper_structure,16,12,2,2,COPY,0,0,1000000,0.997245,0.998886,385.605,0.005856,0.002991,73,65,1.25,200,33.3475,23.5246,0.833156,764.754,4.78125,3.983527,19.046237,0.992518,0.340281,0.260231,0.617777,0,0
102,M-AxPPA,M-AxPPA-COPY,synthetic_from_public_paper_structure,16,12,3,1,COPY,0,0,1000000,0.999167,0.999666,88.14,0.00184,0.000131,2,65,1.25,200,28.6089,20.7879,0.892388,792.121,4.890625,4.364337,21.344337,0.999672,0.291928,0.229958,0.598019,1,1
103,M-AxPPA,M-AxPPA-COPY,synthetic_from_public_paper_structure,16,13,1,2,COPY,0,0,1000000,0.998096,0.999224,272.38,0.003906,0.003654,84,65,1.25,200,30.485,24.4879,0.868938,755.121,4.78125,4.15461,19.86423,0.990859,0.311071,0.270887,0.608939,0,0
104,M-AxPPA,M-AxPPA-COPY,synthetic_from_public_paper_structure,16,13,2,1,COPY,0,0,1000000,0.998806,0.999516,132.723,0.002512,0.001588,43,65,1.25,200,26.7287,21.3038,0.915892,786.962,4.890625,4.479284,21.906496,0.996027,0.272742,0.235665,0.590805,0,0
105,M-AxPPA,M-AxPPA-COPY,synthetic_from_public_paper_structure,16,14,1,1,COPY,0,0,1000000,0.999768,0.999907,65.551,0.000516,0.0,1,65,1.25,200,25.9464,18.4083,0.92567,815.917,4.890625,4.527105,22.140375,1.0,0.264759,0.203634,0.583393,1,1
106,M-AxPPA,M-AxPPA-TRUNC,synthetic_from_public_paper_structure,16,1,1,14,TRUNC,0,0,1000000,0.835,0.932,20460.0,0.362,0.2249502547796642,436,65,1.25,200,98.0,84.7175,0.025,152.825,3.46875,0.086719,0.300806,0.43725,1.0,0.937153,0.734193,1,1
107,M-AxPPA,M-AxPPA-TRUNC,synthetic_from_public_paper_structure,16,1,2,13,TRUNC,0,0,1000000,0.852603,0.940261,17738.152,0.310212,0.195033,432,65,1.25,200,95.1608,80.0103,0.06049,199.897,3.578125,0.216443,0.774458,0.512093,0.971029,0.885081,0.747318,0,0
108,M-AxPPA,M-AxPPA-TRUNC,synthetic_from_public_paper_structure,16,1,3,12,TRUNC,0,0,1000000,0.873254,0.948637,15277.861,0.266891,0.166128,425,65,1.25,200,90.0027,77.2431,0.124966,227.569,3.6875,0.460812,1.699243,0.584404,0.918395,0.85447,0.755314,0,0
109,M-AxPPA,M-AxPPA-TRUNC,synthetic_from_public_paper_structure,16,1,4,11,TRUNC,0,0,1000000,0.89455,0.957262,12679.213,0.221923,0.139609,416,65,1.25,200,87.4392,74.7963,0.15701,252.037,3.796875,0.596148,2.263498,0.650745,0.892237,0.827404,0.770599,0,1
110,M-AxPPA,M-AxPPA-TRUNC,synthetic_from_public_paper_structure,16,1,5,10,TRUNC,0,0,1000000,0.911584,0.964171,10689.352,0.186199,0.115667,402,65,1.25,200,82.4615,71.6965,0.219232,283.035,3.90625,0.856374,3.34521,0.71064,0.841444,0.793113,0.772916,0,1
111,M-AxPPA,M-AxPPA-TRUNC,synthetic_from_public_paper_structure,16,1,6,9,TRUNC,0,0,1000000,0.928307,0.970951,8684.342,0.151068,0.09282,383,65,1.25,200,77.7367,68.0098,0.278291,319.902,4.015625,1.117512,4.487508,0.767796,0.793232,0.752331,0.773605,0,0
112,M-AxPPA,M-AxPPA-TRUNC,synthetic_from_public_paper_structure,16,1,7,8,TRUNC,0,1,1000000,0.94398,0.977294,6799.878,0.117862,0.074551,366,65,1.25,200,72.8804,62.8148,0.338995,371.852,4.125,1.398355,5.768214,0.813498,0.743678,0.694863,0.765334,0,0
113,M-AxPPA,M-AxPPA-TRUNC,synthetic_from_public_paper_structure,16,1,8,7,TRUNC,0,0,1000000,0.95686,0.982515,5223.795,0.090778,0.057257,334,65,1.25,200,67.5949,59.5514,0.405064,404.486,4.234375,1.715194,7.262776,0.856762,0.689744,0.658763,0.758706,0,0
114,M-AxPPA,M-AxPPA-TRUNC,synthetic_from_public_paper_structure,16,1,9,6,TRUNC,0,0,1000000,0.968035,0.987045,3863.066,0.067272,0.042328,300,65,1.25,200,64.4625,55.9236,0.444218,440.764,4.34375,1.929574,8.381587,0.89411,0.657781,0.618632,0.756299,0,0
115,M-AxPPA,M-AxPPA-TRUNC,synthetic_from_public_paper_structure,16,1,10,5,TRUNC,0,0,1000000,0.978004,0.991087,2674.721,0.046344,0.028535,255,65,1.25,200,59.3484,53.5705,0.508145,464.295,4.453125,2.262833,10.076679,0.928615,0.605596,0.592602,0.748356,0,1
116,M-AxPPA,M-AxPPA-TRUNC,synthetic_from_public_paper_structure,16,1,11,4,TRUNC,0,0,1000000,0.984603,0.993762,1872.069,0.032456,0.01979,220,65,1.25,200,55.4007,50.7696,0.557492,492.304,4.5625,2.543556,11.604974,0.950492,0.565313,0.561618,0.737905,0,1
117,M-AxPPA,M-AxPPA-TRUNC,synthetic_from_public_paper_structure,16,1,12,3,TRUNC,0,0,1000000,0.991002,0.996358,1156.697,0.019048,0.01066,157,65,1.25,200,50.3937,46.1539,0.620079,538.461,4.671875,2.896932,13.534103,0.973332,0.514221,0.510559,0.720089,0,1
118,M-AxPPA,M-AxPPA-TRUNC,synthetic_from_public_paper_structure,16,1,13,2,TRUNC,0,0,1000000,0.995409,0.998139,543.294,0.009665,0.006041,116,65,1.25,200,45.1204,45.3989,0.685995,546.011,4.78125,3.279912,15.68208,0.984887,0.460412,0.502207,0.704785,0,1
119,M-AxPPA,M-AxPPA-TRUNC,synthetic_from_public_paper_structure,16,1,14,1,TRUNC,0,1,1000000,0.997448,0.998975,365.829,0.005572,0.001118,30,65,1.25,200,41.5565,40.7594,0.730543,592.406,4.890625,3.572813,17.47329,0.997203,0.424046,0.450884,0.687334,1,1
120,M-AxPPA,M-AxPPA-TRUNC,synthetic_from_public_paper_structure,16,2,1,13,TRUNC,0,1,1000000,0.852594,0.940264,17713.367,0.310382,0.193346,430,65,1.25,200,96.25,84.46,0.046875,155.4,3.578125,0.167725,0.60014,0.516313,0.982143,0.934304,0.762952,1,1
121,M-AxPPA,M-AxPPA-TRUNC,synthetic_from_public_paper_structure,16,2,2,12,TRUNC,0,0,1000000,0.873703,0.948821,15204.685,0.265986,0.16509,423,65,1.25,200,89.2583,77.8227,0.134272,221.773,3.6875,0.495127,1.825783,0.587,0.910799,0.860882,0.755106,0,1
122,M-AxPPA,M-AxPPA-TRUNC,synthetic_from_public_paper_structure,16,2,3,11,TRUNC,0,0,1000000,0.893996,0.957043,12772.069,0.22322,0.138863,414,65,1.25,200,86.076,73.0474,0.17405,269.526,3.796875,0.660847,2.509152,0.652611,0.878327,0.808057,0.762701,0,1
123,M-AxPPA,M-AxPPA-TRUNC,synthetic_from_public_paper_structure,16,2,4,10,TRUNC,0,0,1000000,0.912579,0.96457,10496.583,0.184008,0.115436,401,65,1.25,200,81.6198,69.4396,0.229753,305.604,3.90625,0.897473,3.505752,0.711218,0.832855,0.768147,0.765177,0,0
124,M-AxPPA,M-AxPPA-TRUNC,synthetic_from_public_paper_structure,16,2,5,9,TRUNC,0,0,1000000,0.928205,0.970909,8689.189,0.15125,0.093319,385,65,1.25,200,77.5477,67.3472,0.280653,326.528,4.015625,1.126999,4.525604,0.766547,0.791303,0.745001,0.770903,0,0
125,M-AxPPA,M-AxPPA-TRUNC,synthetic_from_public_paper_structure,16,2,6,8,TRUNC,0,0,1000000,0.943215,0.97699,6858.586,0.119601,0.074104,364,65,1.25,200,72.4293,62.3595,0.344634,376.405,4.125,1.421617,5.864168,0.814617,0.739074,0.689827,0.763219,0,0
126,M-AxPPA,M-AxPPA-TRUNC,synthetic_from_public_paper_structure,16,2,7,7,TRUNC,0,0,1000000,0.957152,0.982633,5178.363,0.090158,0.056908,333,65,1.25,200,68.6659,59.7488,0.391676,402.512,4.234375,1.658504,7.022726,0.857635,0.700672,0.660947,0.763361,0,0
127,M-AxPPA,M-AxPPA-TRUNC,synthetic_from_public_paper_structure,16,2,8,6,TRUNC,0,0,1000000,0.968093,0.987068,3894.736,0.067135,0.04239,301,65,1.25,200,63.9857,55.3802,0.450179,446.198,4.34375,1.955463,8.494044,0.893954,0.652915,0.612621,0.753324,0,0
128,M-AxPPA,M-AxPPA-TRUNC,synthetic_from_public_paper_structure,16,2,9,5,TRUNC,0,0,1000000,0.977696,0.990963,2718.844,0.047012,0.028723,258,65,1.25,200,57.5511,52.3409,0.530611,476.591,4.453125,2.362878,10.522189,0.928145,0.587256,0.579,0.739005,0,0
129,M-AxPPA,M-AxPPA-TRUNC,synthetic_from_public_paper_structure,16,2,10,4,TRUNC,0,0,1000000,0.985356,0.994069,1772.44,0.030907,0.018404,212,65,1.25,200,53.1014,49.5035,0.586232,504.965,4.5625,2.674684,12.203247,0.953959,0.541851,0.547612,0.728452,0,1
130,M-AxPPA,M-AxPPA-TRUNC,synthetic_from_public_paper_structure,16,2,11,3,TRUNC,0,0,1000000,0.991332,0.996486,1085.744,0.018222,0.011698,174,65,1.25,200,49.8618,46.2564,0.626728,537.436,4.671875,2.927994,13.679223,0.970736,0.508794,0.511693,0.717247,0,0
131,M-AxPPA,M-AxPPA-TRUNC,synthetic_from_public_paper_structure,16,2,12,2,TRUNC,0,0,1000000,0.995015,0.997985,611.098,0.010602,0.00535,110,65,1.25,200,45.8707,44.4808,0.676617,555.192,4.78125,3.235073,15.467694,0.986616,0.468068,0.492051,0.706211,1,1
132,M-AxPPA,M-AxPPA-TRUNC,synthetic_from_public_paper_structure,16,2,13,1,TRUNC,0,0,1000000,0.998107,0.99924,230.99,0.004142,0.000718,16,65,1.25,200,41.0959,39.3642,0.736302,606.358,4.890625,3.600975,17.61102,0.998204,0.419346,0.43545,0.683053,1,0
133,M-AxPPA,M-AxPPA-TRUNC,synthetic_from_public_paper_structure,16,3,1,12,TRUNC,0,1,1000000,0.87416,0.949002,15148.761,0.264927,0.165579,424,65,1.25,200,89.8398,76.0174,0.127003,239.826,3.6875,0.468323,1.726943,0.585777,0.916733,0.840912,0.752638,0,0
134,M-AxPPA,M-AxPPA-TRUNC,synthetic_from_public_paper_structure,16,3,2,11,TRUNC,0,0,1000000,0.894129,0.957096,12725.986,0.222918,0.138933,415,65,1.25,200,84.0692,72.0104,0.199136,279.896,3.796875,0.756093,2.870789,0.652436,0.857849,0.796586,0.753161,0,0
135,M-AxPPA,M-AxPPA-TRUNC,synthetic_from_public_paper_structure,16,3,3,10,TRUNC,0,0,1000000,0.912344,0.964474,10587.978,0.184501,0.115777,403,65,1.25,200,80.5022,69.2572,0.243722,307.428,3.90625,0.95204,3.718906,0.710365,0.821451,0.76613,0.760398,0,0
136,M-AxPPA,M-AxPPA-TRUNC,synthetic_from_public_paper_structure,16,3,4,9,TRUNC,0,0,1000000,0.929336,0.971365,8535.567,0.14882,0.092368,382,65,1.25,200,75.0797,67.174,0.311503,328.26,4.015625,1.250881,5.023069,0.768926,0.766119,0.743085,0.762776,0,0
137,M-AxPPA,M-AxPPA-TRUNC,synthetic_from_public_paper_structure,16,3,5,8,TRUNC,0,0,1000000,0.943464,0.977092,6867.264,0.119111,0.073389,361,65,1.25,200,70.4982,63.0695,0.368773,369.305,4.125,1.521187,6.274896,0.816405,0.719369,0.697681,0.758698,0,0
138,M-AxPPA,M-AxPPA-TRUNC,synthetic_from_public_paper_structure,16,3,6,7,TRUNC,0,0,1000000,0.956307,0.982295,5276.195,0.092039,0.056882,332,65,1.25,200,67.3108,59.6069,0.408615,403.931,4.234375,1.730231,7.326446,0.8577,0.686845,0.659377,0.758236,0,0
139,M-AxPPA,M-AxPPA-TRUNC,synthetic_from_public_paper_structure,16,3,7,6,TRUNC,0,0,1000000,0.968389,0.987193,3828.106,0.066629,0.040699,287,65,1.25,200,63.0564,56.1781,0.461794,438.219,4.34375,2.005919,8.713213,0.898185,0.643433,0.621447,0.753674,0,1
140,M-AxPPA,M-AxPPA-TRUNC,synthetic_from_public_paper_structure,16,3,8,5,TRUNC,0,0,1000000,0.977491,0.990877,2712.449,0.047374,0.02976,265,65,1.25,200,58.4681,51.3669,0.519149,486.331,4.453125,2.311836,10.294895,0.92555,0.596613,0.568225,0.738957,0,0
141,M-AxPPA,M-AxPPA-TRUNC,synthetic_from_public_paper_structure,16,3,9,4,TRUNC,0,0,1000000,0.985387,0.994079,1770.671,0.030781,0.019028,216,65,1.25,200,52.0497,49.7711,0.599378,502.289,4.5625,2.734664,12.476903,0.952398,0.531119,0.550573,0.724586,0,1
142,M-AxPPA,M-AxPPA-TRUNC,synthetic_from_public_paper_structure,16,3,10,3,TRUNC,0,0,1000000,0.99107,0.996385,1088.663,0.018888,0.010762,159,65,1.25,200,48.778,46.4857,0.640275,535.143,4.671875,2.991285,13.974908,0.973077,0.497735,0.514229,0.714938,0,1
143,M-AxPPA,M-AxPPA-TRUNC,synthetic_from_public_paper_structure,16,3,11,2,TRUNC,0,0,1000000,0.995472,0.998172,596.095,0.009699,0.004086,89,65,1.25,200,44.6876,42.5164,0.691405,574.836,4.78125,3.305782,15.805768,0.989778,0.455996,0.47032,0.699063,1,1
144,M-AxPPA,M-AxPPA-TRUNC,synthetic_from_public_paper_structure,16,3,12,1,TRUNC,0,0,1000000,0.997874,0.999146,270.515,0.004646,0.000887,22,65,1.25,200,39.8336,39.432,0.75208,605.68,4.890625,3.678143,17.988416,0.997781,0.406465,0.4362,0.678504,0,0
145,M-AxPPA,M-AxPPA-TRUNC,synthetic_from_public_paper_structure,16,4,1,11,TRUNC,0,1,1000000,0.894553,0.957262,12692.142,0.221889,0.139921,417,65,1.25,200,84.5083,71.3486,0.193646,286.514,3.796875,0.73525,2.791651,0.649965,0.86233,0.789265,0.752152,0,0
146,M-AxPPA,M-AxPPA-TRUNC,synthetic_from_public_paper_structure,16,4,2,10,TRUNC,0,0,1000000,0.913042,0.964759,10511.288,0.183069,0.11443,399,65,1.25,200,80.7522,68.5772,0.240597,314.228,3.90625,0.939833,3.671225,0.713735,0.824002,0.758607,0.761303,0,0
147,M-AxPPA,M-AxPPA-TRUNC,synthetic_from_public_paper_structure,16,4,3,9,TRUNC,0,0,1000000,0.928967,0.971212,8587.163,0.149518,0.093758,386,65,1.25,200,75.8406,65.8305,0.301992,341.695,4.015625,1.212687,4.869697,0.765449,0.773884,0.728223,0.760956,0,0
148,M-AxPPA,M-AxPPA-TRUNC,synthetic_from_public_paper_structure,16,4,4,8,TRUNC,0,0,1000000,0.943039,0.97692,6928.776,0.120014,0.073866,363,65,1.25,200,70.0763,60.8043,0.374046,391.957,4.125,1.542939,6.364622,0.815212,0.715064,0.672623,0.751643,0,0
149,M-AxPPA,M-AxPPA-TRUNC,synthetic_from_public_paper_structure,16,4,5,7,TRUNC,0,0,1000000,0.956197,0.982252,5330.363,0.092298,0.056717,330,65,1.25,200,64.9594,58.5184,0.438007,414.816,4.234375,1.854687,7.853441,0.858113,0.662851,0.647336,0.747616,0,0
150,M-AxPPA,M-AxPPA-TRUNC,synthetic_from_public_paper_structure,16,4,6,6,TRUNC,0,0,1000000,0.967987,0.987026,3894.974,0.067383,0.042267,298,65,1.25,200,61.431,54.5463,0.482113,454.537,4.34375,2.094179,9.096589,0.894262,0.626847,0.603396,0.742494,0,0
151,M-AxPPA,M-AxPPA-TRUNC,synthetic_from_public_paper_structure,16,4,7,5,TRUNC,0,0,1000000,0.977005,0.990684,2806.956,0.048478,0.029504,263,65,1.25,200,57.1779,51.5377,0.535277,484.623,4.453125,2.383654,10.614711,0.926191,0.583448,0.570115,0.735016,0,0
152,M-AxPPA,M-AxPPA-TRUNC,synthetic_from_public_paper_structure,16,4,8,4,TRUNC,0,0,1000000,0.985703,0.994208,1770.633,0.030153,0.018219,210,65,1.25,200,52.8991,49.4058,0.588762,505.942,4.5625,2.686225,12.255901,0.954422,0.539787,0.546532,0.727722,0,1
153,M-AxPPA,M-AxPPA-TRUNC,synthetic_from_public_paper_structure,16,4,9,3,TRUNC,0,0,1000000,0.991049,0.996377,1121.876,0.018933,0.010772,160,65,1.25,200,48.694,46.7685,0.641325,532.315,4.671875,2.996191,13.997829,0.973052,0.496878,0.517358,0.715252,0,1
154,M-AxPPA,M-AxPPA-TRUNC,synthetic_from_public_paper_structure,16,4,10,2,TRUNC,0,0,1000000,0.9987,0.9993,10300.0,0.0202,0.004186216707729472,93,65,1.25,200,42.3951,41.7625,0.720061,582.375,4.78125,3.442794,16.460857,0.989527,0.432603,0.461981,0.689095,0,0
155,M-AxPPA,M-AxPPA-TRUNC,synthetic_from_public_paper_structure,16,4,11,1,TRUNC,0,0,1000000,0.998604,0.999437,186.067,0.002989,0.001269,35,65,1.25,200,38.8823,38.306,0.763971,616.94,4.890625,3.736295,18.272816,0.996825,0.396758,0.423745,0.672186,0,0
156,M-AxPPA,M-AxPPA-TRUNC,synthetic_from_public_paper_structure,16,5,1,10,TRUNC,0,0,1000000,0.912999,0.964742,10504.699,0.183171,0.11435,398,65,1.25,200,78.8102,67.3489,0.264873,326.511,3.90625,1.03466,4.041641,0.713935,0.804186,0.74502,0.75174,0,0
157,M-AxPPA,M-AxPPA-TRUNC,synthetic_from_public_paper_structure,16,5,2,9,TRUNC,0,0,1000000,0.928763,0.971136,8599.551,0.150105,0.092239,381,65,1.25,200,73.7388,63.5586,0.328266,364.414,4.015625,1.318191,5.293362,0.769249,0.752437,0.703091,0.750133,0,0
158,M-AxPPA,M-AxPPA-TRUNC,synthetic_from_public_paper_structure,16,5,3,8,TRUNC,0,0,1000000,0.94373,0.977198,6784.663,0.118515,0.073463,362,65,1.25,200,69.2934,61.0506,0.383833,389.494,4.125,1.58331,6.531153,0.81622,0.707076,0.675347,0.749845,0,0
159,M-AxPPA,M-AxPPA-TRUNC,synthetic_from_public_paper_structure,16,5,4,7,TRUNC,0,0,1000000,0.956885,0.982525,5230.484,0.090721,0.057258,335,65,1.25,200,65.5269,57.3577,0.430914,426.423,4.234375,1.82465,7.726253,0.85676,0.668642,0.634496,0.746466,0,0
160,M-AxPPA,M-AxPPA-TRUNC,synthetic_from_public_paper_structure,16,5,5,6,TRUNC,0,0,1000000,0.967802,0.986952,3935.542,0.067793,0.042276,299,65,1.25,200,61.5799,53.7972,0.480252,462.028,4.34375,2.086093,9.061468,0.89424,0.628366,0.59511,0.741358,0,0
161,M-AxPPA,M-AxPPA-TRUNC,synthetic_from_public_paper_structure,16,5,6,5,TRUNC,0,0,1000000,0.977837,0.991023,2700.34,0.046765,0.027985,252,65,1.25,200,55.7421,51.655,0.553224,483.45,4.453125,2.463575,10.970606,0.929991,0.568797,0.571412,0.731857,0,1
162,M-AxPPA,M-AxPPA-TRUNC,synthetic_from_public_paper_structure,16,5,7,4,TRUNC,0,0,1000000,0.985062,0.993947,1870.495,0.031473,0.019388,218,65,1.25,200,51.1599,48.8617,0.610501,511.383,4.5625,2.785412,12.708444,0.951498,0.52204,0.540513,0.71899,0,0
163,M-AxPPA,M-AxPPA-TRUNC,synthetic_from_public_paper_structure,16,5,8,3,TRUNC,0,0,1000000,0.991574,0.996585,1047.464,0.017731,0.011181,168,65,1.25,200,47.0583,44.8537,0.661771,551.463,4.671875,3.09171,14.444084,0.972029,0.480187,0.496176,0.704714,0,0
164,M-AxPPA,M-AxPPA-TRUNC,synthetic_from_public_paper_structure,16,5,9,2,TRUNC,0,0,1000000,0.995676,0.998253,526.258,0.009216,0.004429,102,65,1.25,200,42.5126,40.9639,0.718592,590.361,4.78125,3.435768,16.427263,0.98892,0.433802,0.453147,0.687474,0,0
165,M-AxPPA,M-AxPPA-TRUNC,synthetic_from_public_paper_structure,16,5,10,1,TRUNC,0,0,1000000,0.998481,0.99939,188.383,0.003318,0.000644,15,65,1.25,200,36.8244,39.4342,0.789695,605.658,4.890625,3.862104,18.888101,0.998389,0.375759,0.436225,0.668036,1,1
166,M-AxPPA,M-AxPPA-TRUNC,synthetic_from_public_paper_structure,16,6,1,9,TRUNC,0,0,1000000,0.928848,0.971168,8566.342,0.149861,0.092876,384,65,1.25,200,73.5912,65.3692,0.33011,346.308,4.015625,1.325598,5.323106,0.767655,0.750931,0.72312,0.752895,0,0
167,M-AxPPA,M-AxPPA-TRUNC,synthetic_from_public_paper_structure,16,6,2,8,TRUNC,0,0,1000000,0.943929,0.97728,6795.966,0.118127,0.072843,360,65,1.25,200,68.3476,60.3381,0.395655,396.619,4.125,1.632077,6.732318,0.817771,0.697424,0.667466,0.745589,0,0
168,M-AxPPA,M-AxPPA-TRUNC,synthetic_from_public_paper_structure,16,6,3,7,TRUNC,0,0,1000000,0.957532,0.982788,5153.084,0.089379,0.056193,327,65,1.25,200,63.4057,57.4232,0.457429,425.768,4.234375,1.936926,8.201672,0.859424,0.646997,0.635221,0.740234,0,0
169,M-AxPPA,M-AxPPA-TRUNC,synthetic_from_public_paper_structure,16,6,4,6,TRUNC,0,0,1000000,0.968797,0.987351,3762.672,0.065625,0.041804,294,65,1.25,200,60.8551,54.5569,0.489311,454.431,4.34375,2.125445,9.232401,0.89542,0.62097,0.603514,0.740982,0,0
170,M-AxPPA,M-AxPPA-TRUNC,synthetic_from_public_paper_structure,16,6,5,5,TRUNC,0,1,1000000,0.977798,0.991007,2707.129,0.046846,0.02803,253,65,1.25,200,55.32,50.9152,0.5585,490.848,4.453125,2.487068,11.075227,0.929878,0.56449,0.563229,0.728662,0,0
171,M-AxPPA,M-AxPPA-TRUNC,synthetic_from_public_paper_structure,16,6,6,4,TRUNC,0,0,1000000,0.98591,0.994291,1754.1,0.029685,0.018291,211,65,1.25,200,51.677,47.3066,0.604038,526.934,4.5625,2.755923,12.573899,0.954242,0.527316,0.52331,0.718632,0,0
172,M-AxPPA,M-AxPPA-TRUNC,synthetic_from_public_paper_structure,16,6,7,3,TRUNC,0,0,1000000,0.991702,0.996636,1054.384,0.017448,0.011146,167,65,1.25,200,47.2148,44.8245,0.659815,551.755,4.671875,3.082575,14.401405,0.972116,0.481784,0.495853,0.705247,0,0
173,M-AxPPA,M-AxPPA-TRUNC,synthetic_from_public_paper_structure,16,6,8,2,TRUNC,0,0,1000000,0.996235,0.998478,441.583,0.008001,0.004108,90,65,1.25,200,42.3833,40.4996,0.720209,595.004,4.78125,3.443501,16.464238,0.989723,0.432483,0.44801,0.686346,0,0
174,M-AxPPA,M-AxPPA-TRUNC,synthetic_from_public_paper_structure,16,6,9,1,TRUNC,0,0,1000000,0.998338,0.999325,197.865,0.003467,0.002542,66,65,1.25,200,36.9645,37.7593,0.787943,622.407,4.890625,3.853536,18.8462,0.993641,0.377189,0.417697,0.662694,0,0
175,M-AxPPA,M-AxPPA-TRUNC,synthetic_from_public_paper_structure,16,7,1,8,TRUNC,0,0,1000000,0.943705,0.977186,6820.121,0.118513,0.074106,365,65,1.25,200,67.5328,60.274,0.40584,397.26,4.125,1.67409,6.905622,0.814612,0.68911,0.666757,0.741115,0,0
176,M-AxPPA,M-AxPPA-TRUNC,synthetic_from_public_paper_structure,16,7,2,7,TRUNC,0,0,1000000,0.95658,0.982403,5237.972,0.091399,0.05726,336,65,1.25,200,62.6952,56.8244,0.46631,431.756,4.234375,1.97453,8.360901,0.856755,0.639747,0.628597,0.73517,0,0
177,M-AxPPA,M-AxPPA-TRUNC,synthetic_from_public_paper_structure,16,7,3,6,TRUNC,0,0,1000000,0.96892,0.987405,3751.593,0.065442,0.04078,288,65,1.25,200,59.8064,52.8832,0.502419,471.168,4.34375,2.182384,9.479732,0.897982,0.610269,0.584999,0.734686,0,0
178,M-AxPPA,M-AxPPA-TRUNC,synthetic_from_public_paper_structure,16,7,4,5,TRUNC,0,1,1000000,0.977551,0.990904,2720.272,0.047307,0.029014,260,65,1.25,200,55.7988,50.6926,0.552515,493.074,4.453125,2.460417,10.956546,0.927417,0.569376,0.560766,0.728772,0,0
179,M-AxPPA,M-AxPPA-TRUNC,synthetic_from_public_paper_structure,16,7,5,4,TRUNC,0,0,1000000,0.985291,0.99404,1780.126,0.030986,0.019128,217,65,1.25,200,49.1633,48.2052,0.635459,517.948,4.5625,2.899282,13.227975,0.952148,0.501666,0.53325,0.7107,0,0
180,M-AxPPA,M-AxPPA-TRUNC,synthetic_from_public_paper_structure,16,7,6,3,TRUNC,0,0,1000000,0.99147,0.996543,1026.478,0.01797,0.011094,165,65,1.25,200,45.2766,44.3882,0.684042,556.118,4.671875,3.19576,14.930191,0.972247,0.462006,0.491026,0.697418,0,0
181,M-AxPPA,M-AxPPA-TRUNC,synthetic_from_public_paper_structure,16,7,7,2,TRUNC,0,0,1000000,0.995474,0.998166,535.61,0.009539,0.005829,113,65,1.25,200,40.5982,41.4791,0.742523,585.209,4.78125,3.550187,16.974331,0.985418,0.414267,0.458846,0.680201,0,0
182,M-AxPPA,M-AxPPA-TRUNC,synthetic_from_public_paper_structure,16,7,8,1,TRUNC,0,0,1000000,0.999162,0.99966,127.796,0.001763,0.001122,31,65,1.25,200,37.0494,36.0949,0.786882,639.051,4.890625,3.848346,18.820818,0.997193,0.378055,0.399285,0.660913,0,0
183,M-AxPPA,M-AxPPA-TRUNC,synthetic_from_public_paper_structure,16,8,1,7,TRUNC,0,0,1000000,0.956424,0.982345,5304.611,0.091848,0.05611,326,65,1.25,200,62.975,56.1877,0.462812,438.123,4.234375,1.959721,8.298192,0.859632,0.642602,0.621554,0.736056,0,0
184,M-AxPPA,M-AxPPA-TRUNC,synthetic_from_public_paper_structure,16,8,2,6,TRUNC,0,0,1000000,0.968876,0.987383,3791.92,0.065447,0.041812,295,65,1.25,200,57.315,51.8587,0.533563,481.413,4.34375,2.317663,10.06735,0.8954,0.584847,0.573666,0.72236,0,0
185,M-AxPPA,M-AxPPA-TRUNC,synthetic_from_public_paper_structure,16,8,3,5,TRUNC,0,1,1000000,0.978376,0.991233,2665.476,0.045442,0.029387,262,65,1.25,200,53.4587,49.489,0.581767,505.11,4.453125,2.590679,11.536619,0.926484,0.545497,0.547452,0.717332,0,0
186,M-AxPPA,M-AxPPA-TRUNC,synthetic_from_public_paper_structure,16,8,4,4,TRUNC,0,0,1000000,0.985552,0.994149,1819.44,0.030526,0.017792,204,65,1.25,200,49.2093,46.5475,0.634884,534.525,4.5625,2.896659,13.216005,0.95549,0.502136,0.514913,0.708701,0,0
187,M-AxPPA,M-AxPPA-TRUNC,synthetic_from_public_paper_structure,16,8,5,3,TRUNC,0,0,1000000,0.99134,0.996495,1072.132,0.018334,0.010249,150,65,1.25,200,44.8028,42.4558,0.689965,575.442,4.671875,3.223428,15.059453,0.97436,0.457171,0.46965,0.692402,0,0
188,M-AxPPA,M-AxPPA-TRUNC,synthetic_from_public_paper_structure,16,8,6,2,TRUNC,0,0,1000000,0.996192,0.998457,469.02,0.00803,0.004868,107,65,1.25,200,40.4901,38.68,0.743874,613.2,4.78125,3.556646,17.005212,0.987822,0.413164,0.427882,0.674704,0,0
189,M-AxPPA,M-AxPPA-TRUNC,synthetic_from_public_paper_structure,16,8,7,1,TRUNC,0,0,1000000,0.998084,0.999225,212.52,0.004072,0.002099,60,65,1.25,200,36.8494,36.9826,0.789383,630.174,4.890625,3.860577,18.880633,0.994749,0.376014,0.409105,0.661063,0,0
190,M-AxPPA,M-AxPPA-TRUNC,synthetic_from_public_paper_structure,16,9,1,6,TRUNC,0,0,1000000,0.967761,0.986938,3948.828,0.067939,0.041659,291,65,1.25,200,57.1588,51.7918,0.535515,482.082,4.34375,2.326144,10.104188,0.895783,0.583253,0.572926,0.721826,0,0
191,M-AxPPA,M-AxPPA-TRUNC,synthetic_from_public_paper_structure,16,9,2,5,TRUNC,0,0,1000000,0.97766,0.990949,2749.592,0.047095,0.028669,256,65,1.25,200,53.8816,49.0281,0.576479,509.719,4.453125,2.567135,11.431773,0.92828,0.549812,0.542353,0.718631,0,0
192,M-AxPPA,M-AxPPA-TRUNC,synthetic_from_public_paper_structure,16,9,3,4,TRUNC,0,0,1000000,0.985122,0.993976,1858.085,0.031459,0.018046,208,65,1.25,200,49.0479,45.0644,0.636902,549.356,4.5625,2.905865,13.258008,0.954855,0.500489,0.498507,0.704557,0,0
193,M-AxPPA,M-AxPPA-TRUNC,synthetic_from_public_paper_structure,16,9,4,3,TRUNC,0,0,1000000,0.991734,0.996652,1022.09,0.017438,0.010478,154,65,1.25,200,44.7578,41.9439,0.690528,580.561,4.671875,3.226058,15.071741,0.973788,0.456712,0.463987,0.690851,0,0
194,M-AxPPA,M-AxPPA-TRUNC,synthetic_from_public_paper_structure,16,9,5,2,TRUNC,0,0,1000000,0.995799,0.998302,561.774,0.008949,0.004349,100,65,1.25,200,39.8703,40.3437,0.751622,596.563,4.78125,3.593691,17.182337,0.98912,0.40684,0.446286,0.676755,0,0
195,M-AxPPA,M-AxPPA-TRUNC,synthetic_from_public_paper_structure,16,9,6,1,TRUNC,0,0,1000000,0.998243,0.999295,262.232,0.003853,0.000584,10,65,1.25,200,35.1071,36.5184,0.811161,634.816,4.890625,3.967083,19.401517,0.998539,0.358236,0.40397,0.655519,1,1
196,M-AxPPA,M-AxPPA-TRUNC,synthetic_from_public_paper_structure,16,10,1,5,TRUNC,0,1,1000000,0.978358,0.991229,2651.979,0.045543,0.028684,257,65,1.25,200,52.8689,48.839,0.589139,511.61,4.453125,2.623508,11.682811,0.928242,0.539479,0.540262,0.714579,0,0
197,M-AxPPA,M-AxPPA-TRUNC,synthetic_from_public_paper_structure,16,10,2,4,TRUNC,0,0,1000000,0.986008,0.994333,1752.915,0.029537,0.01752,203,65,1.25,200,46.6452,44.9289,0.666935,550.711,4.5625,3.042891,13.883189,0.956171,0.475971,0.497008,0.696268,0,0
198,M-AxPPA,M-AxPPA-TRUNC,synthetic_from_public_paper_structure,16,10,3,3,TRUNC,0,0,1000000,0.992311,0.996885,981.491,0.016206,0.009891,144,65,1.25,200,44.3553,42.4796,0.695558,575.204,4.671875,3.249561,15.181542,0.975256,0.452605,0.469913,0.69126,0,0
199,M-AxPPA,M-AxPPA-TRUNC,synthetic_from_public_paper_structure,16,10,4,2,TRUNC,0,0,1000000,0.996352,0.998519,474.329,0.007615,0.005529,112,65,1.25,200,39.3503,38.5924,0.758121,614.076,4.78125,3.624768,17.330921,0.986168,0.401534,0.426913,0.669695,0,0
200,M-AxPPA,M-AxPPA-TRUNC,synthetic_from_public_paper_structure,16,10,5,1,TRUNC,0,0,1000000,0.999072,0.999627,164.384,0.002027,0.000387,6,65,1.25,200,34.672,35.2964,0.8166,647.036,4.890625,3.993685,19.531617,0.999032,0.353796,0.390452,0.651483,1,1
201,M-AxPPA,M-AxPPA-TRUNC,synthetic_from_public_paper_structure,16,11,1,4,TRUNC,0,0,1000000,0.986423,0.994494,1665.016,0.028494,0.018859,215,65,1.25,200,46.2249,44.7363,0.672189,552.637,4.5625,3.066864,13.992566,0.952821,0.471683,0.494877,0.692834,0,0
202,M-AxPPA,M-AxPPA-TRUNC,synthetic_from_public_paper_structure,16,11,2,3,TRUNC,0,0,1000000,0.99157,0.996585,1057.843,0.017773,0.010805,161,65,1.25,200,42.7561,42.0178,0.715549,579.822,4.671875,3.342953,15.61786,0.97297,0.436287,0.464805,0.683498,0,0
203,M-AxPPA,M-AxPPA-TRUNC,synthetic_from_public_paper_structure,16,11,3,2,TRUNC,0,0,1000000,0.996231,0.998471,442.004,0.007904,0.005311,109,65,1.25,200,37.0765,38.256,0.786543,617.44,4.78125,3.76066,17.980656,0.986714,0.378332,0.423191,0.661076,0,0
204,M-AxPPA,M-AxPPA-TRUNC,synthetic_from_public_paper_structure,16,11,4,1,TRUNC,0,0,1000000,0.999166,0.99966,94.588,0.001701,0.001707,45,65,1.25,200,32.2508,35.6925,0.846865,643.075,4.890625,4.141701,20.255507,0.99573,0.32909,0.394834,0.642227,0,0
205,M-AxPPA,M-AxPPA-TRUNC,synthetic_from_public_paper_structure,16,12,1,3,TRUNC,0,1,1000000,0.991901,0.996719,1009.528,0.017081,0.010326,152,65,1.25,200,40.7669,39.0905,0.740414,609.095,4.671875,3.459122,16.160586,0.974168,0.415989,0.432423,0.670456,0,0
206,M-AxPPA,M-AxPPA-TRUNC,synthetic_from_public_paper_structure,16,12,2,2,TRUNC,0,0,1000000,0.996398,0.998538,440.771,0.007545,0.005173,108,65,1.25,200,36.7091,36.149,0.791136,638.51,4.78125,3.782619,18.085649,0.987059,0.374583,0.399884,0.655257,0,0
207,M-AxPPA,M-AxPPA-TRUNC,synthetic_from_public_paper_structure,16,12,3,1,TRUNC,0,0,1000000,0.998625,0.999447,162.595,0.002982,0.000822,18,65,1.25,200,33.0666,33.5616,0.836668,664.384,4.890625,4.091828,20.011599,0.997944,0.337414,0.371262,0.641422,0,0
208,M-AxPPA,M-AxPPA-TRUNC,synthetic_from_public_paper_structure,16,13,1,2,TRUNC,0,0,1000000,0.996928,0.998755,363.019,0.006468,0.004023,88,65,1.25,200,37.0506,37.6775,0.786868,623.225,4.78125,3.762213,17.98808,0.989936,0.378067,0.416792,0.661153,0,0
209,M-AxPPA,M-AxPPA-TRUNC,synthetic_from_public_paper_structure,16,13,2,1,TRUNC,0,0,1000000,0.998886,0.999547,119.809,0.002319,0.00176,48,65,1.25,200,32.7385,33.8478,0.840769,661.522,4.890625,4.111884,20.109682,0.995597,0.334066,0.374428,0.639827,0,0
210,M-AxPPA,M-AxPPA-TRUNC,synthetic_from_public_paper_structure,16,14,1,1,TRUNC,0,0,1000000,0.999415,0.999761,99.631,0.001198,0.001161,33,65,1.25,200,30.0276,31.5491,0.874655,684.509,4.890625,4.27761,20.920184,0.997096,0.306404,0.348999,0.625734,0,0
211,M-AxPPA,M-AxPPA-LOA,synthetic_from_public_paper_structure,16,1,1,14,LOA,0,0,1000000,0.92,0.953,8167.0,0.126,0.0827805237382172,370,65,1.25,200,91.4382,59.2601,0.107022,407.399,3.46875,0.371232,1.287712,0.792911,0.933043,0.655541,0.814483,1,0
212,M-AxPPA,M-AxPPA-LOA,synthetic_from_public_paper_structure,16,1,2,13,LOA,0,0,1000000,0.949738,0.979612,6115.388,0.105402,0.070773,356,65,1.25,200,87.9831,56.5088,0.150211,434.912,3.578125,0.537475,1.923152,0.82295,0.897787,0.625106,0.809574,1,0
213,M-AxPPA,M-AxPPA-LOA,synthetic_from_public_paper_structure,16,1,3,12,LOA,0,0,1000000,0.957047,0.982579,5262.84,0.090126,0.05991,341,65,1.25,200,82.5999,52.2099,0.217501,477.901,3.6875,0.802037,2.95751,0.850125,0.842856,0.577551,0.793066,1,0
214,M-AxPPA,M-AxPPA-LOA,synthetic_from_public_paper_structure,16,1,4,11,LOA,0,0,1000000,0.963647,0.98525,4460.627,0.076148,0.05217,321,65,1.25,200,79.4891,49.371,0.256386,506.29,3.796875,0.973467,3.696131,0.869488,0.811113,0.546147,0.784389,1,0
215,M-AxPPA,M-AxPPA-LOA,synthetic_from_public_paper_structure,16,1,5,10,LOA,0,0,1000000,0.969352,0.987574,3808.345,0.064405,0.041659,292,65,1.25,200,73.6034,47.2616,0.329957,527.384,3.90625,1.288896,5.034749,0.895783,0.751055,0.522812,0.770534,1,0
216,M-AxPPA,M-AxPPA-LOA,synthetic_from_public_paper_structure,16,1,6,9,LOA,0,0,1000000,0.975183,0.989932,3071.204,0.052023,0.03518,280,65,1.25,200,69.9365,43.5888,0.375794,564.112,4.015625,1.509048,6.059772,0.911991,0.713638,0.482183,0.756606,1,0
217,M-AxPPA,M-AxPPA-LOA,synthetic_from_public_paper_structure,16,1,7,8,LOA,0,1,1000000,0.980262,0.991996,2428.431,0.041446,0.027187,249,65,1.25,200,65.3233,40.1832,0.433458,598.168,4.125,1.788016,7.375566,0.931987,0.666564,0.44451,0.741594,1,0
218,M-AxPPA,M-AxPPA-LOA,synthetic_from_public_paper_structure,16,1,8,7,LOA,0,0,1000000,0.985206,0.993995,1843.714,0.030929,0.021904,230,65,1.25,200,59.5739,35.8528,0.505326,641.472,4.234375,2.139739,9.060457,0.945204,0.607897,0.396607,0.717427,1,0
219,M-AxPPA,M-AxPPA-LOA,synthetic_from_public_paper_structure,16,1,9,6,LOA,0,0,1000000,0.988032,0.995151,1475.356,0.025229,0.015383,186,65,1.25,200,55.905,32.4796,0.551187,675.204,4.34375,2.394219,10.399888,0.961517,0.570459,0.359292,0.704202,1,0
220,M-AxPPA,M-AxPPA-LOA,synthetic_from_public_paper_structure,16,1,10,5,LOA,0,0,1000000,0.991547,0.996578,1052.627,0.017888,0.010092,148,65,1.25,200,52.3537,29.3708,0.595578,706.292,4.453125,2.652185,11.81051,0.974753,0.534221,0.324903,0.690597,1,0
221,M-AxPPA,M-AxPPA-LOA,synthetic_from_public_paper_structure,16,1,11,4,LOA,0,0,1000000,0.994247,0.997672,783.459,0.012176,0.006839,126,65,1.25,200,46.1655,25.8054,0.672931,741.946,4.5625,3.07025,14.008014,0.982891,0.471077,0.285462,0.66427,1,0
222,M-AxPPA,M-AxPPA-LOA,synthetic_from_public_paper_structure,16,1,12,3,LOA,0,0,1000000,0.996845,0.998719,422.295,0.00658,0.004851,106,65,1.25,200,42.617,22.8002,0.717288,771.998,4.671875,3.351079,15.655823,0.987864,0.434867,0.252218,0.647186,0,0
223,M-AxPPA,M-AxPPA-LOA,synthetic_from_public_paper_structure,16,1,13,2,LOA,0,0,1000000,0.997419,0.998961,345.343,0.005585,0.001708,46,65,1.25,200,37.2153,21.2144,0.784809,787.856,4.78125,3.75237,17.941017,0.995727,0.379748,0.234676,0.627924,0,0
224,M-AxPPA,M-AxPPA-LOA,synthetic_from_public_paper_structure,16,1,14,1,LOA,0,1,1000000,0.998703,0.999477,201.101,0.002802,0.00092,23,65,1.25,200,33.7402,16.0532,0.828247,839.468,4.890625,4.050647,19.810193,0.997698,0.344288,0.177582,0.604981,0,0
225,M-AxPPA,M-AxPPA-LOA,synthetic_from_public_paper_structure,16,2,1,13,LOA,0,1,1000000,0.948604,0.979158,6288.461,0.107908,0.070951,357,65,1.25,200,88.62,60.93,0.14225,390.7,3.578125,0.508988,1.821224,0.822504,0.904286,0.674013,0.82143,1,0
226,M-AxPPA,M-AxPPA-LOA,synthetic_from_public_paper_structure,16,2,2,12,LOA,0,0,1000000,0.956483,0.982348,5359.652,0.091254,0.061318,342,65,1.25,200,81.9925,53.8444,0.225094,461.556,3.6875,0.830032,3.060745,0.846603,0.836658,0.595632,0.792928,0,0
227,M-AxPPA,M-AxPPA-LOA,synthetic_from_public_paper_structure,16,2,3,11,LOA,0,0,1000000,0.963872,0.985347,4448.736,0.075786,0.0506,317,65,1.25,200,78.4985,50.4604,0.268769,495.396,3.796875,1.020482,3.874644,0.873416,0.801005,0.558198,0.785028,1,0
228,M-AxPPA,M-AxPPA-LOA,synthetic_from_public_paper_structure,16,2,4,10,LOA,0,0,1000000,0.970152,0.987894,3644.101,0.062621,0.04171,293,65,1.25,200,73.9186,45.2883,0.326018,547.117,3.90625,1.273507,4.974636,0.895656,0.754271,0.500983,0.767237,1,0
229,M-AxPPA,M-AxPPA-LOA,synthetic_from_public_paper_structure,16,2,5,9,LOA,0,0,1000000,0.97595,0.990243,2980.852,0.050396,0.034292,273,65,1.25,200,68.1309,43.1621,0.398363,568.379,4.015625,1.599678,6.423705,0.914213,0.695213,0.477463,0.750213,1,0
230,M-AxPPA,M-AxPPA-LOA,synthetic_from_public_paper_structure,16,2,6,8,LOA,0,0,1000000,0.980594,0.992131,2430.862,0.040749,0.026725,246,65,1.25,200,63.725,39.0887,0.453437,609.113,4.125,1.870429,7.715518,0.933143,0.650255,0.432403,0.733984,1,0
231,M-AxPPA,M-AxPPA-LOA,synthetic_from_public_paper_structure,16,2,7,7,LOA,0,0,1000000,0.98444,0.993692,1961.753,0.032721,0.020886,224,65,1.25,200,58.9623,35.8789,0.512971,641.211,4.234375,2.17211,9.19753,0.94775,0.601656,0.396896,0.716446,1,0
232,M-AxPPA,M-AxPPA-LOA,synthetic_from_public_paper_structure,16,2,8,6,LOA,0,0,1000000,0.987938,0.995111,1527.508,0.025372,0.016113,193,65,1.25,200,54.285,32.733,0.571438,672.67,4.34375,2.482184,10.781985,0.959691,0.553929,0.362096,0.698155,0,0
233,M-AxPPA,M-AxPPA-LOA,synthetic_from_public_paper_structure,16,2,9,5,LOA,0,0,1000000,0.991508,0.996556,1070.9,0.017821,0.011808,175,65,1.25,200,51.4924,29.8618,0.606345,701.382,4.453125,2.700131,12.024021,0.97046,0.525433,0.330334,0.686675,0,0
234,M-AxPPA,M-AxPPA-LOA,synthetic_from_public_paper_structure,16,2,10,4,LOA,0,0,1000000,0.994319,0.997698,764.339,0.011959,0.007483,134,65,1.25,200,45.0357,26.3239,0.687054,736.761,4.5625,3.134682,14.301989,0.98128,0.459548,0.291197,0.660657,0,0
235,M-AxPPA,M-AxPPA-LOA,synthetic_from_public_paper_structure,16,2,11,3,LOA,0,0,1000000,0.996019,0.998394,497.919,0.008542,0.003421,78,65,1.25,200,41.5678,21.9664,0.730403,780.336,4.671875,3.412351,15.942078,0.991442,0.424161,0.242994,0.643204,1,0
236,M-AxPPA,M-AxPPA-LOA,synthetic_from_public_paper_structure,16,2,12,2,LOA,0,0,1000000,0.998104,0.999231,258.002,0.003973,0.00271,70,65,1.25,200,37.2201,19.4619,0.784749,805.381,4.78125,3.75208,17.939632,0.99322,0.379797,0.215289,0.622936,0,0
237,M-AxPPA,M-AxPPA-LOA,synthetic_from_public_paper_structure,16,2,13,1,LOA,0,0,1000000,0.999021,0.999608,150.757,0.002153,0.000239,5,65,1.25,200,32.5967,14.8095,0.842541,851.905,4.890625,4.120554,20.152083,0.999402,0.332619,0.163824,0.598913,1,0
238,M-AxPPA,M-AxPPA-LOA,synthetic_from_public_paper_structure,16,3,1,12,LOA,0,1,1000000,0.95642,0.982321,5329.974,0.091362,0.061679,343,65,1.25,200,81.3075,52.4836,0.233656,475.164,3.6875,0.861605,3.177169,0.8457,0.829668,0.580579,0.787065,0,0
239,M-AxPPA,M-AxPPA-LOA,synthetic_from_public_paper_structure,16,3,2,11,LOA,0,0,1000000,0.963572,0.985227,4438.387,0.076481,0.050295,315,65,1.25,200,76.0101,49.3206,0.299874,506.794,3.796875,1.138585,4.323065,0.874179,0.775613,0.545589,0.773963,1,0
240,M-AxPPA,M-AxPPA-LOA,synthetic_from_public_paper_structure,16,3,3,10,LOA,0,0,1000000,0.969844,0.98777,3695.552,0.063284,0.041963,296,65,1.25,200,71.2343,45.391,0.359571,546.09,3.90625,1.404575,5.48662,0.895023,0.726881,0.502119,0.757592,0,0
241,M-AxPPA,M-AxPPA-LOA,synthetic_from_public_paper_structure,16,3,4,9,LOA,0,0,1000000,0.975865,0.990205,3006.069,0.050499,0.035271,282,65,1.25,200,68.9048,41.6768,0.38869,583.232,4.015625,1.560831,6.267713,0.911764,0.70311,0.461033,0.748589,0,0
242,M-AxPPA,M-AxPPA-LOA,synthetic_from_public_paper_structure,16,3,5,8,LOA,0,0,1000000,0.980228,0.991979,2493.218,0.041438,0.02812,254,65,1.25,200,64.3722,39.6845,0.445347,603.155,4.125,1.837058,7.577866,0.929653,0.656859,0.438994,0.736043,0,0
243,M-AxPPA,M-AxPPA-LOA,synthetic_from_public_paper_structure,16,3,6,7,LOA,0,0,1000000,0.984571,0.993747,1895.595,0.032467,0.020473,223,65,1.25,200,58.7271,34.471,0.515911,655.29,4.234375,2.18456,9.250248,0.948783,0.599256,0.381321,0.712956,1,0
244,M-AxPPA,M-AxPPA-LOA,synthetic_from_public_paper_structure,16,3,7,6,LOA,0,0,1000000,0.988265,0.995244,1492.027,0.024706,0.015435,187,65,1.25,200,55.3478,31.4993,0.558153,685.007,4.34375,2.424477,10.53132,0.961387,0.564773,0.348448,0.699984,0,0
245,M-AxPPA,M-AxPPA-LOA,synthetic_from_public_paper_structure,16,3,8,5,LOA,0,0,1000000,0.991299,0.996479,1117.738,0.018423,0.01026,151,65,1.25,200,50.0377,29.8297,0.624529,701.703,4.453125,2.781107,12.384618,0.974333,0.510589,0.329979,0.683152,0,0
246,M-AxPPA,M-AxPPA-LOA,synthetic_from_public_paper_structure,16,3,9,4,LOA,0,0,1000000,0.994285,0.997685,705.077,0.012067,0.007127,131,65,1.25,200,44.1553,25.5826,0.698058,744.174,4.5625,3.184891,14.531067,0.982171,0.450564,0.282997,0.656274,0,0
247,M-AxPPA,M-AxPPA-LOA,synthetic_from_public_paper_structure,16,3,10,3,LOA,0,0,1000000,0.996719,0.998672,447.94,0.006944,0.003901,87,65,1.25,200,40.6781,22.6872,0.741524,773.128,4.671875,3.464305,16.184802,0.990241,0.415083,0.250968,0.641081,0,0
248,M-AxPPA,M-AxPPA-LOA,synthetic_from_public_paper_structure,16,3,11,2,LOA,0,0,1000000,0.99747,0.998981,352.023,0.005461,0.001828,50,65,1.25,200,37.0949,19.907,0.786314,800.93,4.78125,3.759564,17.975414,0.995427,0.378519,0.220213,0.624467,0,0
249,M-AxPPA,M-AxPPA-LOA,synthetic_from_public_paper_structure,16,3,12,1,LOA,0,0,1000000,0.999031,0.999605,151.501,0.00199,0.001837,51,65,1.25,200,30.7202,16.5078,0.865998,834.922,4.890625,4.235272,20.713126,0.995404,0.313471,0.182611,0.594169,0,0
250,M-AxPPA,M-AxPPA-LOA,synthetic_from_public_paper_structure,16,4,1,11,LOA,0,1,1000000,0.96354,0.985212,4460.721,0.076488,0.051,318,65,1.25,200,75.425,49.1125,0.307187,508.875,3.796875,1.166352,4.428492,0.872415,0.769643,0.543287,0.770619,0,0
251,M-AxPPA,M-AxPPA-LOA,synthetic_from_public_paper_structure,16,4,2,10,LOA,0,0,1000000,0.970014,0.987833,3680.241,0.062795,0.043215,302,65,1.25,200,72.8495,44.3366,0.339382,556.634,3.90625,1.32571,5.178554,0.891891,0.743362,0.490456,0.759619,0,0
252,M-AxPPA,M-AxPPA-LOA,synthetic_from_public_paper_structure,16,4,3,9,LOA,0,0,1000000,0.975366,0.990005,3054.368,0.051606,0.035279,283,65,1.25,200,67.0983,42.535,0.411271,574.65,4.015625,1.651511,6.63185,0.911744,0.684677,0.470526,0.744027,0,0
253,M-AxPPA,M-AxPPA-LOA,synthetic_from_public_paper_structure,16,4,4,8,LOA,0,0,1000000,0.98039,0.992048,2413.551,0.041178,0.027001,248,65,1.25,200,63.6716,39.1929,0.454105,608.071,4.125,1.873182,7.726877,0.932453,0.64971,0.433556,0.733713,0,0
254,M-AxPPA,M-AxPPA-LOA,synthetic_from_public_paper_structure,16,4,5,7,LOA,0,0,1000000,0.985026,0.993925,1880.598,0.031373,0.021404,227,65,1.25,200,58.9198,33.3134,0.513502,666.866,4.234375,2.174362,9.207063,0.946454,0.601222,0.368516,0.710036,0,0
255,M-AxPPA,M-AxPPA-LOA,synthetic_from_public_paper_structure,16,4,6,6,LOA,0,0,1000000,0.988356,0.995283,1475.293,0.024555,0.014857,184,65,1.25,200,53.6319,30.2754,0.579602,697.246,4.34375,2.517645,10.936021,0.962833,0.547264,0.334909,0.691799,1,0
256,M-AxPPA,M-AxPPA-LOA,synthetic_from_public_paper_structure,16,4,7,5,LOA,0,0,1000000,0.991338,0.996492,1119.557,0.018296,0.010729,158,65,1.25,200,50.0811,27.4593,0.623987,725.407,4.453125,2.778691,12.373858,0.97316,0.511032,0.303757,0.677534,0,0
257,M-AxPPA,M-AxPPA-LOA,synthetic_from_public_paper_structure,16,4,8,4,LOA,0,0,1000000,0.995014,0.997974,650.291,0.010364,0.008046,141,65,1.25,200,45.5488,24.8712,0.68064,751.288,4.5625,3.105418,14.168469,0.979872,0.464784,0.275128,0.658642,0,0
258,M-AxPPA,M-AxPPA-LOA,synthetic_from_public_paper_structure,16,4,9,3,LOA,0,0,1000000,0.996955,0.998768,410.797,0.006455,0.003507,82,65,1.25,200,39.8135,22.6655,0.752331,773.345,4.671875,3.514797,16.420691,0.991227,0.40626,0.250728,0.638389,0,0
259,M-AxPPA,M-AxPPA-LOA,synthetic_from_public_paper_structure,16,4,10,2,LOA,0,0,1000000,0.9987,0.9993,10300.0,0.0202,0.0013114184025630454,38,65,1.25,200,36.1238,18.0355,0.798453,819.645,4.78125,3.817601,18.252907,0.996719,0.36861,0.19951,0.617439,0,0
260,M-AxPPA,M-AxPPA-LOA,synthetic_from_public_paper_structure,16,4,11,1,LOA,0,0,1000000,0.998301,0.999317,192.52,0.003701,0.000826,19,65,1.25,200,29.9971,13.7279,0.875036,862.721,4.890625,4.279473,20.929297,0.997934,0.306093,0.151859,0.586574,0,0
261,M-AxPPA,M-AxPPA-LOA,synthetic_from_public_paper_structure,16,5,1,10,LOA,0,0,1000000,0.969439,0.987607,3782.308,0.064159,0.042228,297,65,1.25,200,70.0806,43.885,0.373992,561.15,3.90625,1.460908,5.706671,0.89436,0.715108,0.48546,0.749842,0,0
262,M-AxPPA,M-AxPPA-LOA,synthetic_from_public_paper_structure,16,5,2,9,LOA,0,0,1000000,0.975506,0.990067,3058.382,0.051427,0.033806,269,65,1.25,200,65.7612,39.8089,0.427985,601.911,4.015625,1.718628,6.901365,0.915429,0.671033,0.44037,0.734878,1,0
263,M-AxPPA,M-AxPPA-LOA,synthetic_from_public_paper_structure,16,5,3,8,LOA,0,0,1000000,0.979888,0.991849,2507.646,0.042328,0.026619,245,65,1.25,200,62.3648,38.1891,0.470441,618.109,4.125,1.940567,8.00484,0.933408,0.636376,0.422451,0.727255,1,0
264,M-AxPPA,M-AxPPA-LOA,synthetic_from_public_paper_structure,16,5,4,7,LOA,0,0,1000000,0.985058,0.993937,1865.74,0.031276,0.021691,229,65,1.25,200,57.4127,34.7829,0.532342,652.171,4.234375,2.254134,9.544848,0.945736,0.585844,0.384772,0.707581,0,0
265,M-AxPPA,M-AxPPA-LOA,synthetic_from_public_paper_structure,16,5,5,6,LOA,0,0,1000000,0.988217,0.995222,1464.502,0.02475,0.016134,194,65,1.25,200,51.9243,31.7472,0.600946,682.528,4.34375,2.61036,11.338749,0.959638,0.52984,0.351191,0.687519,0,0
266,M-AxPPA,M-AxPPA-LOA,synthetic_from_public_paper_structure,16,5,6,5,LOA,0,0,1000000,0.9916,0.996598,1105.921,0.01772,0.010639,156,65,1.25,200,49.1092,28.3531,0.636136,716.469,4.453125,2.832791,12.614774,0.973385,0.501114,0.313645,0.676142,0,0
267,M-AxPPA,M-AxPPA-LOA,synthetic_from_public_paper_structure,16,5,7,4,LOA,0,0,1000000,0.99458,0.997801,680.507,0.011361,0.007697,137,65,1.25,200,43.646,22.9679,0.704424,770.321,4.5625,3.213936,14.663584,0.980745,0.445367,0.254073,0.648028,0,0
268,M-AxPPA,M-AxPPA-LOA,synthetic_from_public_paper_structure,16,5,8,3,LOA,0,0,1000000,0.996915,0.998749,447.505,0.006471,0.004321,97,65,1.25,200,39.4687,19.9299,0.756641,800.701,4.671875,3.534933,16.514763,0.98919,0.402742,0.220466,0.630189,0,0
269,M-AxPPA,M-AxPPA-LOA,synthetic_from_public_paper_structure,16,5,9,2,LOA,0,0,1000000,0.998131,0.999247,258.862,0.004031,0.001378,40,65,1.25,200,33.6531,17.0061,0.829336,829.939,4.78125,3.965264,18.95892,0.996553,0.343399,0.188123,0.606263,0,0
270,M-AxPPA,M-AxPPA-LOA,synthetic_from_public_paper_structure,16,5,10,1,LOA,0,0,1000000,0.999136,0.99965,121.173,0.001835,0.000963,25,65,1.25,200,29.3641,13.5177,0.882949,864.823,4.890625,4.318173,21.118567,0.997591,0.299634,0.149534,0.583695,0,0
271,M-AxPPA,M-AxPPA-LOA,synthetic_from_public_paper_structure,16,6,1,9,LOA,0,0,1000000,0.975649,0.990124,2988.442,0.051104,0.033859,270,65,1.25,200,64.9434,40.773,0.438208,592.27,4.015625,1.759678,7.066208,0.915296,0.662688,0.451035,0.734031,0,0
272,M-AxPPA,M-AxPPA-LOA,synthetic_from_public_paper_structure,16,6,2,8,LOA,0,0,1000000,0.980318,0.992018,2425.123,0.041317,0.027231,250,65,1.25,200,62.1209,36.1954,0.473488,638.046,4.125,1.953139,8.0567,0.931877,0.633887,0.400397,0.721284,0,0
273,M-AxPPA,M-AxPPA-LOA,synthetic_from_public_paper_structure,16,6,3,7,LOA,0,0,1000000,0.984674,0.99379,1941.912,0.032289,0.01989,221,65,1.25,200,57.0193,32.0695,0.537259,679.305,4.234375,2.274955,9.633014,0.950242,0.58183,0.354756,0.7022,1,0
274,M-AxPPA,M-AxPPA-LOA,synthetic_from_public_paper_structure,16,6,4,6,LOA,0,0,1000000,0.988531,0.995348,1434.597,0.024066,0.015985,191,65,1.25,200,52.3063,30.6648,0.596171,693.352,4.34375,2.589617,11.248648,0.960011,0.533738,0.339217,0.686657,0,0
275,M-AxPPA,M-AxPPA-LOA,synthetic_from_public_paper_structure,16,6,5,5,LOA,0,1,1000000,0.991813,0.99668,1079.054,0.017179,0.011407,170,65,1.25,200,46.3397,25.7435,0.670753,742.565,4.453125,2.986949,13.301257,0.971464,0.472854,0.284777,0.659613,0,0
276,M-AxPPA,M-AxPPA-LOA,synthetic_from_public_paper_structure,16,6,6,4,LOA,0,0,1000000,0.994734,0.997869,686.779,0.011161,0.006087,117,65,1.25,200,42.3801,23.2352,0.720249,767.648,4.5625,3.286136,14.992994,0.984772,0.43245,0.25703,0.645911,0,0
277,M-AxPPA,M-AxPPA-LOA,synthetic_from_public_paper_structure,16,6,7,3,LOA,0,0,1000000,0.996574,0.99861,477.777,0.007183,0.004843,105,65,1.25,200,38.3029,21.2938,0.771213,787.062,4.671875,3.603013,16.832826,0.987884,0.390846,0.235554,0.628455,0,0
278,M-AxPPA,M-AxPPA-LOA,synthetic_from_public_paper_structure,16,6,8,2,LOA,0,0,1000000,0.998242,0.999288,234.786,0.003721,0.002089,59,65,1.25,200,34.2385,16.3457,0.822018,836.543,4.78125,3.930275,18.791627,0.994774,0.349372,0.180818,0.606092,0,0
279,M-AxPPA,M-AxPPA-LOA,synthetic_from_public_paper_structure,16,6,9,1,LOA,0,0,1000000,0.998712,0.999482,184.855,0.002805,0.000636,13,65,1.25,200,28.2849,14.7277,0.896438,852.723,4.890625,4.384144,21.441206,0.998409,0.288621,0.162919,0.582885,0,0
280,M-AxPPA,M-AxPPA-LOA,synthetic_from_public_paper_structure,16,7,1,8,LOA,0,0,1000000,0.981134,0.992346,2382.732,0.039526,0.026983,247,65,1.25,200,59.7737,36.446,0.502829,635.54,4.125,2.074168,8.555942,0.932498,0.609936,0.403169,0.713735,0,0
281,M-AxPPA,M-AxPPA-LOA,synthetic_from_public_paper_structure,16,7,2,7,LOA,0,0,1000000,0.985287,0.99403,1851.073,0.030816,0.021145,226,65,1.25,200,55.0447,31.7865,0.561942,682.135,4.234375,2.379472,10.075577,0.947102,0.561681,0.351625,0.693109,0,0
282,M-AxPPA,M-AxPPA-LOA,synthetic_from_public_paper_structure,16,7,3,6,LOA,0,0,1000000,0.988405,0.995298,1488.115,0.024343,0.016023,192,65,1.25,200,50.3395,30.1937,0.620756,698.063,4.34375,2.696409,11.712526,0.959916,0.513668,0.334006,0.678547,0,0
283,M-AxPPA,M-AxPPA-LOA,synthetic_from_public_paper_structure,16,7,4,5,LOA,0,1,1000000,0.992312,0.996883,1000.821,0.016165,0.010355,153,65,1.25,200,46.8788,25.9519,0.664015,740.481,4.453125,2.956943,13.167638,0.974095,0.478355,0.287082,0.663184,0,0
284,M-AxPPA,M-AxPPA-LOA,synthetic_from_public_paper_structure,16,7,5,4,LOA,0,0,1000000,0.994386,0.997723,685.047,0.011791,0.007714,138,65,1.25,200,42.1963,22.7933,0.722546,772.067,4.5625,3.296618,15.040819,0.980702,0.430574,0.252142,0.642445,0,0
285,M-AxPPA,M-AxPPA-LOA,synthetic_from_public_paper_structure,16,7,6,3,LOA,0,0,1000000,0.997372,0.998932,383.897,0.005455,0.004322,98,65,1.25,200,37.6213,20.022,0.779734,799.78,4.671875,3.642819,17.018795,0.989188,0.383891,0.221485,0.623793,0,0
286,M-AxPPA,M-AxPPA-LOA,synthetic_from_public_paper_structure,16,7,7,2,LOA,0,0,1000000,0.997547,0.999009,318.2,0.00523,0.002487,65,65,1.25,200,32.3086,15.5429,0.846143,844.571,4.78125,4.045621,19.343126,0.993778,0.32968,0.171937,0.596976,0,0
287,M-AxPPA,M-AxPPA-LOA,synthetic_from_public_paper_structure,16,7,8,1,LOA,0,0,1000000,0.999612,0.999841,87.33,0.00077,0.001039,28,65,1.25,200,29.0489,13.9823,0.886889,860.177,4.890625,4.337442,21.212801,0.997401,0.296417,0.154674,0.583511,0,0
288,M-AxPPA,M-AxPPA-LOA,synthetic_from_public_paper_structure,16,8,1,7,LOA,0,0,1000000,0.98522,0.994004,1879.996,0.030969,0.021104,225,65,1.25,200,53.9496,32.0384,0.57563,679.616,4.234375,2.437433,10.321003,0.947205,0.550506,0.354412,0.689802,0,0
289,M-AxPPA,M-AxPPA-LOA,synthetic_from_public_paper_structure,16,8,2,6,LOA,0,0,1000000,0.989572,0.995765,1297.077,0.021763,0.015867,189,65,1.25,200,50.8953,27.6937,0.613809,723.063,4.34375,2.666232,11.581447,0.960306,0.51934,0.30635,0.675177,0,0
290,M-AxPPA,M-AxPPA-LOA,synthetic_from_public_paper_structure,16,8,3,5,LOA,0,1,1000000,0.992407,0.996923,975.76,0.015987,0.009969,147,65,1.25,200,46.0134,24.3354,0.674833,756.646,4.453125,3.005115,13.382151,0.975061,0.469524,0.2692,0.656951,0,0
291,M-AxPPA,M-AxPPA-LOA,synthetic_from_public_paper_structure,16,8,4,4,LOA,0,0,1000000,0.994728,0.997861,653.798,0.011048,0.00751,135,65,1.25,200,41.4269,22.2654,0.732164,777.346,4.5625,3.340499,15.241029,0.981213,0.422723,0.246302,0.638759,0,0
292,M-AxPPA,M-AxPPA-LOA,synthetic_from_public_paper_structure,16,8,5,3,LOA,0,0,1000000,0.997414,0.998946,352.406,0.005324,0.004757,103,65,1.25,200,36.9401,17.9571,0.788249,820.429,4.671875,3.682599,17.204643,0.9881,0.37694,0.198643,0.616302,0,0
293,M-AxPPA,M-AxPPA-LOA,synthetic_from_public_paper_structure,16,8,6,2,LOA,0,0,1000000,0.99863,0.999441,157.508,0.002797,0.002776,71,65,1.25,200,31.8062,15.682,0.852422,843.18,4.78125,4.075643,19.486669,0.993055,0.324553,0.173476,0.595164,0,0
294,M-AxPPA,M-AxPPA-LOA,synthetic_from_public_paper_structure,16,8,7,1,LOA,0,0,1000000,0.999227,0.99969,90.247,0.001696,0.000236,4,65,1.25,200,26.7509,11.4876,0.915614,885.124,4.890625,4.477926,21.899859,0.99941,0.272968,0.127077,0.570689,0,0
295,M-AxPPA,M-AxPPA-LOA,synthetic_from_public_paper_structure,16,9,1,6,LOA,0,0,1000000,0.989696,0.995815,1330.321,0.021491,0.015841,188,65,1.25,200,49.8402,27.1046,0.626998,728.954,4.34375,2.723522,11.830297,0.960371,0.508573,0.299834,0.670134,0,0
296,M-AxPPA,M-AxPPA-LOA,synthetic_from_public_paper_structure,16,9,2,5,LOA,0,0,1000000,0.992072,0.996789,1010.743,0.016733,0.00995,146,65,1.25,200,45.1187,25.8018,0.686017,741.982,4.453125,3.054919,13.603936,0.975108,0.460395,0.285422,0.657021,0,0
297,M-AxPPA,M-AxPPA-LOA,synthetic_from_public_paper_structure,16,9,3,4,LOA,0,0,1000000,0.995117,0.998019,644.782,0.010224,0.007056,128,65,1.25,200,40.4351,21.6621,0.744561,783.379,4.5625,3.39706,15.499086,0.982348,0.412603,0.239628,0.634393,0,0
298,M-AxPPA,M-AxPPA-LOA,synthetic_from_public_paper_structure,16,9,4,3,LOA,0,0,1000000,0.997072,0.998815,419.807,0.006198,0.003472,81,65,1.25,200,35.8963,17.0742,0.801296,829.258,4.671875,3.743555,17.489421,0.991314,0.366289,0.188876,0.612068,0,0
299,M-AxPPA,M-AxPPA-LOA,synthetic_from_public_paper_structure,16,9,5,2,LOA,0,0,1000000,0.998803,0.999515,168.48,0.00251,0.001676,44,65,1.25,200,31.3628,15.8594,0.857965,841.406,4.78125,4.102143,19.613372,0.995807,0.320029,0.175438,0.595211,0,0
300,M-AxPPA,M-AxPPA-LOA,synthetic_from_public_paper_structure,16,9,6,1,LOA,0,0,1000000,0.999579,0.999828,68.666,0.000862,0.000828,20,65,1.25,200,27.4421,11.3962,0.906973,886.038,4.890625,4.435667,21.693185,0.997929,0.280021,0.126066,0.572289,0,0
301,M-AxPPA,M-AxPPA-LOA,synthetic_from_public_paper_structure,16,10,1,5,LOA,0,1,1000000,0.991711,0.996644,1097.866,0.017516,0.010181,149,65,1.25,200,45.0876,25.0008,0.686405,749.992,4.453125,3.056647,13.611629,0.974531,0.460078,0.276561,0.654878,0,0
302,M-AxPPA,M-AxPPA-LOA,synthetic_from_public_paper_structure,16,10,2,4,LOA,0,0,1000000,0.994795,0.997892,682.757,0.011,0.006386,120,65,1.25,200,39.9692,19.7268,0.750385,802.732,4.5625,3.423632,15.62032,0.984024,0.407849,0.21822,0.629202,0,0
303,M-AxPPA,M-AxPPA-LOA,synthetic_from_public_paper_structure,16,10,3,3,LOA,0,0,1000000,0.996754,0.998684,391.248,0.00682,0.004417,101,65,1.25,200,34.8612,16.466,0.814234,835.34,4.671875,3.804002,17.77182,0.98895,0.355727,0.182148,0.605962,0,0
304,M-AxPPA,M-AxPPA-LOA,synthetic_from_public_paper_structure,16,10,4,2,LOA,0,0,1000000,0.99832,0.99932,261.993,0.003569,0.001856,53,65,1.25,200,31.8734,15.5918,0.851583,844.082,4.78125,4.071629,19.467476,0.995357,0.325239,0.172478,0.59624,0,0
305,M-AxPPA,M-AxPPA-LOA,synthetic_from_public_paper_structure,16,10,5,1,LOA,0,0,1000000,0.99957,0.999823,70.369,0.000846,0.001238,34,65,1.25,200,25.1063,12.2771,0.936172,877.229,4.890625,4.578464,22.391552,0.996903,0.256187,0.13581,0.565434,0,0
306,M-AxPPA,M-AxPPA-LOA,synthetic_from_public_paper_structure,16,11,1,4,LOA,0,0,1000000,0.995254,0.998073,626.121,0.009919,0.007067,129,65,1.25,200,37.8918,20.1198,0.776353,798.802,4.5625,3.542109,16.160872,0.982321,0.386651,0.222567,0.621886,0,0
307,M-AxPPA,M-AxPPA-LOA,synthetic_from_public_paper_structure,16,11,2,3,LOA,0,0,1000000,0.996842,0.998719,429.516,0.006633,0.004326,99,65,1.25,200,35.1143,17.8068,0.811071,821.932,4.671875,3.789224,17.702783,0.989178,0.358309,0.19698,0.609934,0,0
308,M-AxPPA,M-AxPPA-LOA,synthetic_from_public_paper_structure,16,11,3,2,LOA,0,0,1000000,0.998071,0.99922,292.064,0.004103,0.002075,58,65,1.25,200,31.0699,14.1585,0.861627,858.415,4.78125,4.119652,19.697086,0.994809,0.31704,0.156623,0.589953,0,0
309,M-AxPPA,M-AxPPA-LOA,synthetic_from_public_paper_structure,16,11,4,1,LOA,0,0,1000000,0.999198,0.999678,108.933,0.001764,0.000215,3,65,1.25,200,25.1839,11.8175,0.935202,881.825,4.890625,4.573721,22.368352,0.999462,0.256979,0.130726,0.565846,0,0
310,M-AxPPA,M-AxPPA-LOA,synthetic_from_public_paper_structure,16,12,1,3,LOA,0,1,1000000,0.997048,0.998802,358.167,0.006176,0.004305,96,65,1.25,200,33.4211,17.4724,0.832237,825.276,4.671875,3.888105,18.164741,0.98923,0.341032,0.193281,0.603171,0,0
311,M-AxPPA,M-AxPPA-LOA,synthetic_from_public_paper_structure,16,12,2,2,LOA,0,0,1000000,0.99887,0.999539,132.585,0.00231,0.00227,63,65,1.25,200,30.1325,12.7768,0.873344,872.232,4.78125,4.175675,19.964948,0.994321,0.307474,0.141338,0.583328,0,0
312,M-AxPPA,M-AxPPA-LOA,synthetic_from_public_paper_structure,16,12,3,1,LOA,0,0,1000000,0.999948,0.999977,55.052,5.9e-05,0.000632,12,65,1.25,200,25.0479,10.2655,0.936901,897.345,4.890625,4.582031,22.408995,0.998419,0.255591,0.113558,0.561457,0,0
313,M-AxPPA,M-AxPPA-LOA,synthetic_from_public_paper_structure,16,13,1,2,LOA,0,0,1000000,0.998613,0.999435,215.749,0.002855,0.002558,67,65,1.25,200,28.4849,12.9299,0.893938,870.701,4.78125,4.274142,20.435741,0.993601,0.290662,0.143032,0.577458,0,0
314,M-AxPPA,M-AxPPA-LOA,synthetic_from_public_paper_structure,16,13,2,1,LOA,0,0,1000000,0.999832,0.999928,27.854,0.000271,0.001159,32,65,1.25,200,23.4784,8.2872,0.95652,917.128,4.890625,4.677981,22.87825,0.997101,0.239576,0.091674,0.550881,0,0
315,M-AxPPA,M-AxPPA-LOA,synthetic_from_public_paper_structure,16,14,1,1,LOA,0,0,1000000,0.999171,0.999665,100.366,0.001757,0.000959,24,65,1.25,200,23.1675,8.6433,0.960406,913.567,4.890625,4.696984,22.971188,0.997601,0.236403,0.095613,0.550784,0,0
316,Literature,COPY,synthetic_literature_baseline,16,,,1,COPY,1,1,1000000,0.99985,0.999933,0.0,0.000174,0.001789,49,65,1.25,200,21.0469,15.8485,0.986914,841.515,4.890625,4.826628,23.605225,0.995525,0.214764,0.175318,0.558217,0,0
317,Literature,COPY,synthetic_literature_baseline,16,,,2,COPY,1,1,1000000,0.996813,0.998708,425.165,0.006712,0.004173,92,65,1.25,200,23.8083,18.9137,0.952396,810.863,4.78125,4.553642,21.772103,0.989561,0.242942,0.209225,0.572177,0,0
318,Literature,COPY,synthetic_literature_baseline,16,,,3,COPY,1,1,1000000,0.993625,0.997415,823.069,0.013393,0.008704,142,65,1.25,200,29.0161,24.3608,0.887299,756.392,4.671875,4.145351,19.36656,0.978226,0.296083,0.269481,0.597727,0,0
319,Literature,COPY,synthetic_literature_baseline,16,,,4,COPY,1,1,1000000,0.990043,0.99596,1194.987,0.020847,0.014394,183,65,1.25,200,34.1067,27.5894,0.823667,724.106,4.5625,3.757979,17.145779,0.963991,0.348028,0.305197,0.616645,0,0
320,Literature,COPY,synthetic_literature_baseline,16,,,5,COPY,1,1,1000000,0.98415,0.993574,1966.002,0.033313,0.021492,228,65,1.25,200,39.2761,30.418,0.759049,695.82,4.453125,3.380141,15.05219,0.946234,0.400777,0.336487,0.633375,0,0
321,Literature,COPY,synthetic_literature_baseline,16,,,6,COPY,1,1,1000000,0.977002,0.990676,2840.411,0.04833,0.031247,266,65,1.25,200,42.6308,34.1218,0.717115,658.782,4.34375,3.114969,13.530647,0.921831,0.435008,0.377459,0.642568,0,0
322,Literature,COPY,synthetic_literature_baseline,16,,,7,COPY,1,1,1000000,0.96846,0.987218,3828.249,0.066399,0.041517,290,65,1.25,200,48.5498,39.0051,0.643128,609.949,4.234375,2.723244,11.531236,0.896138,0.495406,0.431478,0.66295,0,0
323,Literature,COPY,synthetic_literature_baseline,16,,,8,COPY,1,1,1000000,0.96015,0.983836,4838.904,0.083575,0.056018,324,65,1.25,200,51.0708,42.8665,0.611615,571.335,4.125,2.52291,10.407006,0.859862,0.521131,0.474193,0.664172,0,0
324,Literature,COPY,synthetic_literature_baseline,16,,,9,COPY,1,1,1000000,0.948255,0.979024,6239.607,0.108824,0.069369,350,65,1.25,200,56.3062,46.3699,0.546173,536.301,4.015625,2.193225,8.807169,0.826462,0.574553,0.512948,0.675591,0,0
325,Literature,COPY,synthetic_literature_baseline,16,,,10,COPY,1,1,1000000,0.936311,0.974176,7682.975,0.133784,0.087147,378,65,1.25,200,61.921,47.8938,0.475987,521.062,3.90625,1.859325,7.26299,0.781988,0.631847,0.529806,0.679002,0,0
326,Literature,COPY,synthetic_literature_baseline,16,,,11,COPY,1,1,1000000,0.923658,0.969048,9253.884,0.160428,0.103737,394,65,1.25,200,64.7946,51.7575,0.440068,482.425,3.796875,1.670881,6.344128,0.740485,0.661169,0.572546,0.679137,0,0
327,Literature,COPY,synthetic_literature_baseline,16,,,12,COPY,1,1,1000000,0.90923,0.963195,10908.24,0.190663,0.124298,408,65,1.25,200,68.8806,56.7738,0.388993,432.262,3.6875,1.434411,5.289389,0.689048,0.702863,0.628037,0.681681,0,0
328,Literature,COPY,synthetic_literature_baseline,16,,,13,COPY,1,1,1000000,0.892667,0.956486,12925.534,0.225615,0.145166,420,65,1.25,200,74.9879,58.8613,0.312651,411.387,3.578125,1.118706,4.002869,0.636844,0.765183,0.651129,0.684619,0,0
329,Literature,COPY,synthetic_literature_baseline,16,,,14,COPY,1,1,1000000,0.875842,0.949658,14968.232,0.260824,0.169689,426,65,1.25,200,79.5773,63.4763,0.255284,365.237,3.46875,0.885516,3.071632,0.575495,0.812013,0.702181,0.683614,0,0
330,Literature,COPY,synthetic_literature_baseline,16,,,15,COPY,1,1,1000000,0.857848,0.94236,17052.443,0.298586,0.194723,431,65,1.25,200,82.8624,66.5834,0.21422,334.166,3.359375,0.719645,2.417556,0.512869,0.845535,0.736552,0.674038,0,0
331,Literature,COPY,synthetic_literature_baseline,16,,,16,COPY,1,1,1000000,0.838307,0.934442,19418.721,0.339745,0.220198,435,65,1.25,200,88.873,69.758,0.139088,302.42,3.25,0.452036,1.469118,0.449139,0.906867,0.77167,0.67385,0,0
332,Literature,LOA,synthetic_literature_baseline,16,,,1,LOA,1,1,1000000,0.999679,0.999866,9.598,0.000584,0.001462,41,65,1.25,200,16.5094,11.0349,1.043633,889.651,4.890625,5.104018,24.961839,0.996343,0.168463,0.122069,0.53173,0,0
333,Literature,LOA,synthetic_literature_baseline,16,,,2,LOA,1,1,1000000,0.998543,0.999409,236.318,0.003049,0.002121,61,65,1.25,200,21.7579,15.8982,0.978026,841.018,4.78125,4.676189,22.358028,0.994694,0.222019,0.175867,0.560493,0,0
334,Literature,LOA,synthetic_literature_baseline,16,,,3,LOA,1,1,1000000,0.995871,0.998331,554.095,0.008801,0.004226,94,65,1.25,200,25.0654,19.1492,0.936683,808.508,4.671875,4.376065,20.44443,0.989428,0.255769,0.21183,0.577128,0,0
335,Literature,LOA,synthetic_literature_baseline,16,,,4,LOA,1,1,1000000,0.993357,0.997303,829.106,0.013883,0.009893,145,65,1.25,200,30.4141,21.9979,0.869824,780.021,4.5625,3.968572,18.106611,0.975251,0.310348,0.243343,0.596153,0,0
336,Literature,LOA,synthetic_literature_baseline,16,,,5,LOA,1,1,1000000,0.989936,0.995921,1236.375,0.021179,0.013344,182,65,1.25,200,34.0242,25.1261,0.824697,748.739,4.453125,3.672479,16.354009,0.966618,0.347186,0.277947,0.612082,0,0
337,Literature,LOA,synthetic_literature_baseline,16,,,6,LOA,1,1,1000000,0.984808,0.993843,1903.982,0.031982,0.020019,222,65,1.25,200,39.3845,28.9689,0.757694,710.311,4.34375,3.291232,14.296288,0.949919,0.401883,0.320457,0.632214,0,0
338,Literature,LOA,synthetic_literature_baseline,16,,,7,LOA,1,1,1000000,0.979757,0.991792,2462.907,0.042534,0.027565,251,65,1.25,200,43.0212,32.1457,0.712235,678.543,4.234375,3.01587,12.770324,0.931042,0.438992,0.355599,0.643736,0,0
339,Literature,LOA,synthetic_literature_baseline,16,,,8,LOA,1,1,1000000,0.973453,0.98924,3238.186,0.05586,0.035237,281,65,1.25,200,49.0764,38.0632,0.636544,619.368,4.125,2.625746,10.831201,0.911849,0.50078,0.421059,0.669817,0,0
340,Literature,LOA,synthetic_literature_baseline,16,,,9,LOA,1,1,1000000,0.966813,0.986548,4091.088,0.069803,0.044383,306,65,1.25,200,53.4878,40.9778,0.581403,590.222,4.015625,2.334695,9.37526,0.888969,0.545794,0.4533,0.681724,0,0
341,Literature,LOA,synthetic_literature_baseline,16,,,10,LOA,1,1,1000000,0.959512,0.983584,4975.408,0.085059,0.055291,322,65,1.25,200,56.8253,44.2377,0.539684,557.623,3.90625,2.108141,8.234924,0.861681,0.57985,0.489362,0.688576,0,0
342,Literature,LOA,synthetic_literature_baseline,16,,,11,LOA,1,1,1000000,0.950763,0.980038,6032.101,0.10347,0.066885,347,65,1.25,200,62.6335,49.1114,0.467081,508.886,3.796875,1.773449,6.733565,0.832676,0.639117,0.543275,0.70705,0,0
343,Literature,LOA,synthetic_literature_baseline,16,,,12,LOA,1,1,1000000,0.941737,0.97637,7047.181,0.122259,0.081154,369,65,1.25,200,66.4112,52.3003,0.41986,476.997,3.6875,1.548233,5.709108,0.79698,0.677665,0.578551,0.711534,0,0
344,Literature,LOA,synthetic_literature_baseline,16,,,13,LOA,1,1,1000000,0.931388,0.97218,8298.986,0.144124,0.093904,387,65,1.25,200,70.065,54.8907,0.374188,451.093,3.578125,1.338891,4.79072,0.765084,0.714949,0.607206,0.715961,0,0
345,Literature,LOA,synthetic_literature_baseline,16,,,14,LOA,1,1,1000000,0.919644,0.967424,9701.207,0.168921,0.108536,396,65,1.25,200,74.1581,58.4041,0.323023,415.959,3.46875,1.120488,3.886692,0.728479,0.756715,0.646072,0.72188,0,0
346,Literature,LOA,synthetic_literature_baseline,16,,,15,LOA,1,1,1000000,0.90759,0.962536,11169.859,0.194229,0.125159,409,65,1.25,200,80.1106,62.3009,0.248618,376.991,3.359375,0.835199,2.805748,0.686894,0.817455,0.689178,0.733047,0,0
347,Literature,LOA,synthetic_literature_baseline,16,,,16,LOA,1,1,1000000,0.895756,0.957734,12618.122,0.219023,0.142105,418,65,1.25,200,84.8384,65.4421,0.18952,345.579,3.25,0.615939,2.001803,0.644501,0.865698,0.723927,0.737805,0,0
348,Literature,TRUNC,synthetic_literature_baseline,16,,,1,TRUNC,1,1,1000000,0.998644,0.999448,171.013,0.002813,0.002269,62,65,1.25,200,30.9982,35.4812,0.862523,645.188,4.890625,4.218275,20.630001,0.994324,0.316308,0.392496,0.636653,0,0
349,Literature,TRUNC,synthetic_literature_baseline,16,,,2,TRUNC,1,1,1000000,0.994417,0.997738,661.817,0.011772,0.007136,132,65,1.25,200,35.9954,38.4247,0.800058,615.753,4.78125,3.825276,18.289602,0.982148,0.3673,0.425058,0.655533,0,0
350,Literature,TRUNC,synthetic_literature_baseline,16,,,3,TRUNC,1,1,1000000,0.988245,0.995231,1396.55,0.024621,0.016887,196,65,1.25,200,40.6227,42.0354,0.742216,579.646,4.671875,3.467542,16.199924,0.957754,0.414517,0.465,0.66907,0,0
351,Literature,TRUNC,synthetic_literature_baseline,16,,,4,TRUNC,1,1,1000000,0.978763,0.991389,2577.598,0.0446,0.029171,261,65,1.25,200,43.1218,44.78,0.710977,552.2,4.5625,3.243834,14.799991,0.927024,0.440018,0.495361,0.670239,0,0
352,Literature,TRUNC,synthetic_literature_baseline,16,,,5,TRUNC,1,1,1000000,0.96748,0.986811,3890.059,0.068234,0.045362,312,65,1.25,200,47.788,49.5358,0.65265,504.642,4.453125,2.906332,12.942258,0.88652,0.487633,0.54797,0.679199,0,0
353,Literature,TRUNC,synthetic_literature_baseline,16,,,6,TRUNC,1,1,1000000,0.95318,0.981017,5657.044,0.098374,0.063788,345,65,1.25,200,54.0133,53.722,0.574833,462.78,4.34375,2.496932,10.846047,0.840424,0.551156,0.594278,0.689951,0,0
354,Literature,TRUNC,synthetic_literature_baseline,16,,,7,TRUNC,1,1,1000000,0.936204,0.97413,7632.347,0.133955,0.087909,379,65,1.25,200,56.5219,57.0038,0.543476,429.962,4.234375,2.301282,9.744489,0.780081,0.576754,0.630581,0.679017,0,0
355,Literature,TRUNC,synthetic_literature_baseline,16,,,8,TRUNC,1,1,1000000,0.917257,0.966447,9893.699,0.173742,0.113967,397,65,1.25,200,61.2572,59.3517,0.484286,406.483,4.125,1.997678,8.240421,0.714893,0.625073,0.656554,0.671788,0,0
356,Literature,TRUNC,synthetic_literature_baseline,16,,,9,TRUNC,1,1,1000000,0.894867,0.95737,12605.601,0.220809,0.144231,419,65,1.25,200,66.9168,63.9132,0.41354,360.868,4.015625,1.660621,6.668431,0.639183,0.682824,0.707014,0.668023,0,0
357,Literature,TRUNC,synthetic_literature_baseline,16,,,10,TRUNC,1,1,1000000,0.87004,0.947301,15562.032,0.272913,0.178724,427,65,1.25,200,71.8967,66.3769,0.351291,336.231,3.90625,1.372232,5.360281,0.552893,0.73364,0.734267,0.652429,0,0
358,Literature,TRUNC,synthetic_literature_baseline,16,,,11,TRUNC,1,1,1000000,0.842565,0.936165,18807.644,0.330721,0.215269,434,65,1.25,200,76.1281,71.5031,0.298399,284.969,3.796875,1.132984,4.301799,0.461469,0.776817,0.790974,0.637742,0,0
359,Literature,TRUNC,synthetic_literature_baseline,16,,,12,TRUNC,1,1,1000000,0.812274,0.923883,22461.15,0.394355,0.256643,438,65,1.25,200,80.1412,74.4423,0.248234,255.577,3.6875,0.915365,3.375407,0.357966,0.817767,0.823488,0.612001,0,0
360,Literature,TRUNC,synthetic_literature_baseline,16,,,13,TRUNC,1,1,1000000,0.779655,0.910659,26313.971,0.462916,0.300813,440,65,1.25,200,85.3867,77.6573,0.182666,223.427,3.578125,0.653601,2.338666,0.247467,0.871293,0.859052,0.588123,0,0
361,Literature,TRUNC,synthetic_literature_baseline,16,,,14,TRUNC,1,1,1000000,0.744981,0.896601,30455.372,0.535792,0.347816,441,65,1.25,200,90.0968,80.3929,0.123789,196.071,3.46875,0.429395,1.489462,0.129881,0.919355,0.889314,0.558084,0,0
362,Literature,TRUNC,synthetic_literature_baseline,16,,,15,TRUNC,1,1,1000000,0.707218,0.881288,34930.467,0.615095,0.399734,442,65,1.25,200,94.5492,86.6688,0.068135,133.312,3.359375,0.228892,0.768933,0.0,0.964788,0.958738,0.529423,0,1
363,Literature,TRUNC,synthetic_literature_baseline,16,,,16,TRUNC,1,1,1000000,0.300099,0.67004,56701.531,0.99978,5000.0,443,65,1.25,200,97.0816,90.3988,0.036481,96.012,3.25,0.118562,0.385325,0.0,0.990629,1.0,0.54672,0,1
364,Literature,LDCA,synthetic_literature_baseline,16,,,1,LDCA,1,1,1000000,0.999914,0.99996,0.0,5.2e-05,0.001557,42,65,1.25,200,18.4494,13.9043,1.019382,860.957,4.890625,4.985417,24.381805,0.996105,0.188259,0.153811,0.5449,0,0
365,Literature,LDCA,synthetic_literature_baseline,16,,,2,LDCA,1,1,1000000,0.997502,0.998993,299.148,0.00537,0.00203,57,65,1.25,200,23.2506,17.4226,0.959368,825.774,4.78125,4.586978,21.931489,0.994922,0.237251,0.19273,0.569299,0,0
366,Literature,LDCA,synthetic_literature_baseline,16,,,3,LDCA,1,1,1000000,0.994967,0.997959,643.157,0.01056,0.007022,127,65,1.25,200,28.4963,22.0208,0.893796,779.792,4.671875,4.175704,19.508368,0.982433,0.290779,0.243596,0.592587,0,0
367,Literature,LDCA,synthetic_literature_baseline,16,,,4,LDCA,1,1,1000000,0.991548,0.996573,1045.778,0.017759,0.011498,171,65,1.25,200,32.6612,25.1659,0.841735,748.341,4.5625,3.840414,17.521889,0.971236,0.333278,0.278388,0.609381,0,0
368,Literature,LDCA,synthetic_literature_baseline,16,,,5,LDCA,1,1,1000000,0.987506,0.994933,1564.117,0.02621,0.017481,202,65,1.25,200,36.5808,28.7309,0.79274,712.691,4.453125,3.530173,15.7203,0.956268,0.373273,0.317824,0.624531,0,0
369,Literature,LDCA,synthetic_literature_baseline,16,,,6,LDCA,1,1,1000000,0.98089,0.992251,2368.796,0.040126,0.02633,240,65,1.25,200,40.4277,32.7859,0.744653,672.141,4.34375,3.234587,14.050238,0.934131,0.412528,0.362681,0.63728,0,0
370,Literature,LDCA,synthetic_literature_baseline,16,,,7,LDCA,1,1,1000000,0.973849,0.989399,3193.572,0.054999,0.035037,277,65,1.25,200,45.4935,35.2511,0.681332,647.489,4.234375,2.885014,12.21623,0.912349,0.464219,0.389951,0.651024,0,0
371,Literature,LDCA,synthetic_literature_baseline,16,,,8,LDCA,1,1,1000000,0.966598,0.986459,4092.746,0.070234,0.044925,310,65,1.25,200,51.1552,39.9146,0.61056,600.854,4.125,2.518562,10.389068,0.887613,0.521992,0.441539,0.670431,0,0
372,Literature,LDCA,synthetic_literature_baseline,16,,,9,LDCA,1,1,1000000,0.958233,0.983066,5112.436,0.087766,0.056802,331,65,1.25,200,55.3154,44.7851,0.558558,552.149,4.015625,2.24296,9.006885,0.857901,0.564443,0.495417,0.682694,0,0
373,Literature,LDCA,synthetic_literature_baseline,16,,,10,LDCA,1,1,1000000,0.948095,0.978952,6303.167,0.108978,0.071619,358,65,1.25,200,58.6897,47.009,0.516379,529.91,3.90625,2.017105,7.879316,0.820833,0.598874,0.520018,0.682985,0,0
374,Literature,LDCA,synthetic_literature_baseline,16,,,11,LDCA,1,1,1000000,0.936562,0.974278,7721.46,0.133265,0.086714,376,65,1.25,200,63.6501,50.0946,0.454374,499.054,3.796875,1.725202,6.550377,0.783071,0.649491,0.554151,0.690534,0,0
375,Literature,LDCA,synthetic_literature_baseline,16,,,12,LDCA,1,1,1000000,0.924591,0.969426,9132.139,0.158455,0.102602,392,65,1.25,200,67.1502,53.8302,0.410622,461.698,3.6875,1.51417,5.583501,0.743324,0.685206,0.595475,0.693413,0,0
376,Literature,LDCA,synthetic_literature_baseline,16,,,13,LDCA,1,1,1000000,0.91262,0.964564,10571.729,0.183423,0.121007,407,65,1.25,200,73.5434,58.3466,0.330707,416.534,3.578125,1.183312,4.234038,0.697281,0.750443,0.645436,0.705519,0,0
377,Literature,LDCA,synthetic_literature_baseline,16,,,14,LDCA,1,1,1000000,0.898297,0.958764,12284.986,0.213677,0.138705,413,65,1.25,200,76.8022,60.7768,0.289973,392.232,3.46875,1.005843,3.489017,0.653007,0.783696,0.672319,0.70261,0,0
378,Literature,LDCA,synthetic_literature_baseline,16,,,15,LDCA,1,1,1000000,0.88313,0.952613,14042.408,0.245521,0.159641,422,65,1.25,200,81.0917,65.0386,0.236354,349.614,3.359375,0.794002,2.66735,0.600632,0.827466,0.719463,0.70379,0,0
379,Literature,LDCA,synthetic_literature_baseline,16,,,16,LDCA,1,1,1000000,0.866215,0.945758,16098.754,0.28111,0.182133,429,65,1.25,200,86.8001,68.998,0.164999,310.02,3.25,0.536247,1.742803,0.544365,0.885715,0.763262,0.707617,0,0
380,Literature,LZTA,synthetic_literature_baseline,16,,,1,LZTA,1,1,1000000,0.999692,0.999871,8.446,0.000566,0.001333,39,65,1.25,200,23.8711,20.1426,0.951612,798.574,4.890625,4.653976,22.760853,0.996665,0.243583,0.222819,0.578317,0,0
381,Literature,LZTA,synthetic_literature_baseline,16,,,2,LZTA,1,1,1000000,0.996567,0.998612,434.084,0.007301,0.003696,85,65,1.25,200,27.4176,24.1505,0.90728,758.495,4.78125,4.337933,20.740744,0.990754,0.279771,0.267155,0.59719,0,0
382,Literature,LZTA,synthetic_literature_baseline,16,,,3,LZTA,1,1,1000000,0.993197,0.997241,867.017,0.014288,0.009338,143,65,1.25,200,33.6196,27.2717,0.829755,727.283,4.671875,3.87651,18.110572,0.976639,0.343057,0.301682,0.619894,0,0
383,Literature,LZTA,synthetic_literature_baseline,16,,,4,LZTA,1,1,1000000,0.987126,0.994782,1552.845,0.027081,0.017198,199,65,1.25,200,36.9774,29.5711,0.787782,704.289,4.5625,3.594256,16.398793,0.956976,0.37732,0.327118,0.628125,0,0
384,Literature,LZTA,synthetic_literature_baseline,16,,,5,LZTA,1,1,1000000,0.981108,0.992339,2320.977,0.039673,0.025975,239,65,1.25,200,42.2079,33.1989,0.722401,668.011,4.453125,3.216941,14.325439,0.935019,0.430693,0.367249,0.644951,0,0
385,Literature,LZTA,synthetic_literature_baseline,16,,,6,LZTA,1,1,1000000,0.97167,0.988516,3463.474,0.059584,0.037935,286,65,1.25,200,46.5288,37.7173,0.668391,622.827,4.34375,2.903322,12.611303,0.905099,0.474784,0.417232,0.656915,0,0
386,Literature,LZTA,synthetic_literature_baseline,16,,,7,LZTA,1,1,1000000,0.961758,0.984495,4619.493,0.080348,0.052138,320,65,1.25,200,51.5006,41.493,0.606243,585.07,4.234375,2.56706,10.869896,0.869568,0.525516,0.458999,0.667036,0,0
387,Literature,LZTA,synthetic_literature_baseline,16,,,8,LZTA,1,1,1000000,0.949707,0.979613,6082.106,0.105765,0.067478,348,65,1.25,200,55.3403,43.7644,0.558246,562.356,4.125,2.302764,9.4989,0.831193,0.564697,0.484126,0.668506,0,0
388,Literature,LZTA,synthetic_literature_baseline,16,,,9,LZTA,1,1,1000000,0.937022,0.974462,7596.511,0.13224,0.086736,377,65,1.25,200,58.3812,49.5958,0.520235,504.042,4.015625,2.08907,8.388921,0.783016,0.595727,0.548633,0.670588,0,0
389,Literature,LZTA,synthetic_literature_baseline,16,,,10,LZTA,1,1,1000000,0.921717,0.968264,9429.481,0.164564,0.105731,395,65,1.25,200,65.0685,52.721,0.436644,472.79,3.90625,1.705642,6.662664,0.735497,0.663964,0.583205,0.680002,0,0
390,Literature,LZTA,synthetic_literature_baseline,16,,,11,LZTA,1,1,1000000,0.905412,0.961653,11371.082,0.198814,0.128051,410,65,1.25,200,69.1344,55.6297,0.38582,443.703,3.796875,1.46491,5.562079,0.679659,0.705453,0.615381,0.675832,0,0
391,Literature,LZTA,synthetic_literature_baseline,16,,,12,LZTA,1,1,1000000,0.887964,0.954574,13447.621,0.235384,0.152837,421,65,1.25,200,73.8221,58.748,0.327224,412.52,3.6875,1.206637,4.449475,0.617653,0.753287,0.649876,0.671569,0,0
392,Literature,LZTA,synthetic_literature_baseline,16,,,13,LZTA,1,1,1000000,0.868293,0.9466,15838.136,0.27675,0.179238,428,65,1.25,200,77.9972,61.7506,0.275035,382.494,3.578125,0.984109,3.521266,0.551607,0.79589,0.683091,0.663403,0,0
393,Literature,LZTA,synthetic_literature_baseline,16,,,14,LZTA,1,1,1000000,0.847384,0.938118,18325.605,0.32059,0.208776,433,65,1.25,200,82.0138,66.395,0.224828,336.05,3.46875,0.779872,2.705182,0.477713,0.836876,0.734468,0.654771,0,0
394,Literature,LZTA,synthetic_literature_baseline,16,,,15,LZTA,1,1,1000000,0.824262,0.928742,21090.986,0.369141,0.240608,437,65,1.25,200,86.7828,70.8419,0.165215,291.581,3.359375,0.555019,1.864517,0.39808,0.885539,0.78366,0.645806,0,0
395,Literature,LZTA,synthetic_literature_baseline,16,,,16,LZTA,1,1,1000000,0.800629,0.919157,23844.851,0.418716,0.273724,439,65,1.25,200,91.2796,73.953,0.109004,260.47,3.25,0.354264,1.151359,0.315235,0.931424,0.818075,0.631469,0,0
396,Literature,M-HEAA,synthetic_literature_baseline,16,,,1,M-HEAA,1,1,1000000,0.999948,0.999974,42.969,0.0,0.001299,37,65,1.25,200,17.4709,11.2435,1.031614,887.565,4.890625,5.045239,24.674372,0.99675,0.178274,0.124377,0.535809,0,0
397,Literature,M-HEAA,synthetic_literature_baseline,16,,,2,M-HEAA,1,1,1000000,0.998553,0.999413,216.507,0.00304,0.001975,56,65,1.25,200,22.1239,14.8832,0.973451,851.168,4.78125,4.654311,22.253425,0.995059,0.225754,0.164639,0.559718,0,0
398,Literature,M-HEAA,synthetic_literature_baseline,16,,,3,M-HEAA,1,1,1000000,0.99713,0.998839,347.257,0.006081,0.003344,77,65,1.25,200,26.5706,19.2443,0.917867,807.557,4.671875,4.288162,20.033757,0.991634,0.271129,0.212882,0.583707,0,0
399,Literature,M-HEAA,synthetic_literature_baseline,16,,,4,M-HEAA,1,1,1000000,0.994857,0.997911,671.373,0.010724,0.007915,140,65,1.25,200,32.146,22.148,0.848176,778.52,4.5625,3.869801,17.655968,0.980199,0.32802,0.245003,0.604897,0,0
400,Literature,M-HEAA,synthetic_literature_baseline,16,,,5,M-HEAA,1,1,1000000,0.991151,0.996411,1086.493,0.018574,0.012265,179,65,1.25,200,36.2516,27.6123,0.796855,723.877,4.453125,3.548496,15.801897,0.969317,0.369914,0.30545,0.626753,0,0
401,Literature,M-HEAA,synthetic_literature_baseline,16,,,6,M-HEAA,1,1,1000000,0.987507,0.994939,1579.656,0.026346,0.01594,190,65,1.25,200,40.7348,31.8974,0.740815,681.026,4.34375,3.217915,13.977818,0.960123,0.415661,0.352852,0.648107,0,0
402,Literature,M-HEAA,synthetic_literature_baseline,16,,,7,M-HEAA,1,1,1000000,0.983576,0.993342,2033.485,0.034525,0.022186,231,65,1.25,200,43.5568,33.2447,0.70554,667.553,4.234375,2.987519,12.650275,0.944498,0.444457,0.367756,0.654135,0,0
403,Literature,M-HEAA,synthetic_literature_baseline,16,,,8,M-HEAA,1,1,1000000,0.97881,0.991408,2600.748,0.044519,0.028916,259,65,1.25,200,48.1574,37.1374,0.648033,628.626,4.125,2.673136,11.026688,0.927662,0.491402,0.410817,0.671602,0,0
404,Literature,M-HEAA,synthetic_literature_baseline,16,,,9,M-HEAA,1,1,1000000,0.972907,0.989018,3346.425,0.056985,0.036248,284,65,1.25,200,53.5635,42.5076,0.580456,574.924,4.015625,2.330895,9.36,0.90932,0.546566,0.470223,0.694537,0,0
405,Literature,M-HEAA,synthetic_literature_baseline,16,,,10,M-HEAA,1,1,1000000,0.965995,0.986217,4199.65,0.07153,0.045402,313,65,1.25,200,57.4416,44.9613,0.53198,550.387,3.90625,2.078048,8.117375,0.886419,0.586139,0.497366,0.703511,0,0
406,Literature,M-HEAA,synthetic_literature_baseline,16,,,11,M-HEAA,1,1,1000000,0.959047,0.983395,4993.877,0.086035,0.055931,323,65,1.25,200,62.1953,48.6119,0.472558,513.881,3.796875,1.794245,6.812525,0.860079,0.634646,0.537749,0.716712,0,0
407,Literature,M-HEAA,synthetic_literature_baseline,16,,,12,M-HEAA,1,1,1000000,0.952307,0.980662,5836.889,0.100189,0.065207,346,65,1.25,200,67.156,53.8727,0.41055,461.273,3.6875,1.513903,5.582517,0.836874,0.685265,0.595945,0.735625,0,0
408,Literature,M-HEAA,synthetic_literature_baseline,16,,,13,M-HEAA,1,1,1000000,0.943074,0.976919,6914.067,0.119609,0.077549,367,65,1.25,200,70.8421,56.6403,0.364474,433.597,3.578125,1.304135,4.666356,0.805998,0.722879,0.62656,0.741019,0,0
409,Literature,M-HEAA,synthetic_literature_baseline,16,,,14,M-HEAA,1,1,1000000,0.934033,0.973255,8049.01,0.138631,0.089566,380,65,1.25,200,76.8349,60.1805,0.289564,398.195,3.46875,1.004425,3.484099,0.775936,0.78403,0.665722,0.756726,0,0
410,Literature,M-HEAA,synthetic_literature_baseline,16,,,15,M-HEAA,1,1,1000000,0.924349,0.969329,9226.458,0.158983,0.10273,393,65,1.25,200,81.3597,64.1018,0.233003,358.982,3.359375,0.782746,2.629537,0.743004,0.830201,0.7091,0.766742,0,0
411,Literature,M-HEAA,synthetic_literature_baseline,16,,,16,M-HEAA,1,1,1000000,0.914222,0.96522,10414.893,0.180193,0.117271,404,65,1.25,200,84.0244,66.6619,0.199695,333.381,3.25,0.649009,2.109278,0.706627,0.857392,0.73742,0.765554,0,0
412,Literature,AxPPA,synthetic_literature_baseline,16,,,1,AxPPA,1,1,1000000,0.999275,0.999708,74.301,0.001561,0.000559,9,65,1.25,200,21.6265,16.3821,0.979669,836.179,4.890625,4.791193,23.431931,0.998602,0.220679,0.18122,0.562852,0,0
413,Literature,AxPPA,synthetic_literature_baseline,16,,,2,AxPPA,1,1,1000000,0.999695,0.999874,44.988,0.00058,0.001103,29,65,1.25,200,24.8227,20.3299,0.939716,796.701,4.78125,4.493019,21.482249,0.997241,0.253293,0.224891,0.582389,0,0
414,Literature,AxPPA,synthetic_literature_baseline,16,,,3,AxPPA,1,1,1000000,0.998332,0.999325,242.754,0.003543,0.001855,52,65,1.25,200,30.4997,24.6899,0.868754,753.101,4.671875,4.058711,18.961792,0.995359,0.311221,0.273122,0.611464,0,0
415,Literature,AxPPA,synthetic_literature_baseline,16,,,4,AxPPA,1,1,1000000,0.99669,0.998657,412.165,0.006931,0.004779,104,65,1.25,200,35.6825,28.6844,0.803969,713.156,4.5625,3.668107,16.735739,0.988045,0.364107,0.31731,0.635519,0,0
416,Literature,AxPPA,synthetic_literature_baseline,16,,,5,AxPPA,1,1,1000000,0.994008,0.997576,817.472,0.012714,0.006771,125,65,1.25,200,40.3591,30.992,0.745511,690.08,4.453125,3.319855,14.783727,0.983061,0.411828,0.342836,0.655084,0,0
417,Literature,AxPPA,synthetic_literature_baseline,16,,,6,AxPPA,1,1,1000000,0.991479,0.996547,1098.225,0.017941,0.011199,169,65,1.25,200,44.0676,34.4691,0.699155,655.309,4.34375,3.036956,13.191775,0.971984,0.449669,0.3813,0.671037,0,0
418,Literature,AxPPA,synthetic_literature_baseline,16,,,7,AxPPA,1,1,1000000,0.989113,0.995585,1412.759,0.022857,0.015038,185,65,1.25,200,47.8074,40.4057,0.652407,595.943,4.234375,2.762538,11.697622,0.96238,0.487831,0.446972,0.693206,0,0
419,Literature,AxPPA,synthetic_literature_baseline,16,,,8,AxPPA,1,1,1000000,0.98519,0.993998,1898.886,0.031188,0.019399,219,65,1.25,200,53.9301,42.9314,0.575873,570.686,4.125,2.375478,9.798845,0.95147,0.550307,0.474911,0.715751,0,0
420,Literature,AxPPA,synthetic_literature_baseline,16,,,9,AxPPA,1,1,1000000,0.981736,0.992597,2295.021,0.038424,0.024323,232,65,1.25,200,56.4117,45.4332,0.544853,545.668,4.015625,2.187926,8.78589,0.939152,0.57563,0.502586,0.724606,0,0
421,Literature,AxPPA,synthetic_literature_baseline,16,,,10,AxPPA,1,1,1000000,0.978194,0.991159,2697.539,0.045828,0.029592,264,65,1.25,200,63.0214,51.3681,0.462232,486.319,3.90625,1.805596,7.053108,0.925971,0.643076,0.568239,0.755411,0,0
422,Literature,AxPPA,synthetic_literature_baseline,16,,,11,AxPPA,1,1,1000000,0.972476,0.988844,3443.407,0.057916,0.036554,285,65,1.25,200,66.6524,52.5671,0.416845,474.329,3.796875,1.582707,6.009342,0.908554,0.680127,0.581502,0.763194,0,0
423,Literature,AxPPA,synthetic_literature_baseline,16,,,12,AxPPA,1,1,1000000,0.96789,0.986983,3962.341,0.067514,0.04322,303,65,1.25,200,72.029,56.9806,0.349637,430.194,3.6875,1.289286,4.754244,0.891878,0.73499,0.630325,0.784657,0,1
424,Literature,AxPPA,synthetic_literature_baseline,16,,,13,AxPPA,1,1,1000000,0.962381,0.984747,4649.129,0.079032,0.051371,319,65,1.25,200,76.6075,61.3687,0.292406,386.313,3.578125,1.046265,3.743667,0.871487,0.781709,0.678866,0.801541,0,1
425,Literature,AxPPA,synthetic_literature_baseline,16,,,14,AxPPA,1,1,1000000,0.956738,0.982457,5311.726,0.090851,0.059464,340,65,1.25,200,80.6054,65.3456,0.242432,346.544,3.46875,0.840937,2.917001,0.851241,0.822504,0.722859,0.815507,1,1
426,Literature,AxPPA,synthetic_literature_baseline,16,,,15,AxPPA,1,1,1000000,0.949933,0.9797,6161.352,0.105195,0.068231,349,65,1.25,200,84.2559,67.1904,0.196801,328.096,3.359375,0.661129,2.220979,0.829309,0.859754,0.743267,0.822756,1,1
427,Literature,AxPPA,synthetic_literature_baseline,16,,,16,AxPPA,1,1,1000000,0.942478,0.976678,7018.297,0.120868,0.078295,368,65,1.25,200,88.1899,71.2733,0.147626,287.267,3.25,0.479786,1.559305,0.804132,0.899897,0.788432,0.83451,0,1
428,Literature,HOERAA,synthetic_literature_baseline,16,,,1,HOERAA,1,1,1000000,0.999965,0.999983,0.0,0.0,0.000865,21,65,1.25,200,16.3032,11.3146,1.04621,886.854,4.890625,5.116623,25.023485,0.997836,0.166359,0.125163,0.532285,0,0
429,Literature,HOERAA,synthetic_literature_baseline,16,,,2,HOERAA,1,1,1000000,0.998198,0.99927,274.993,0.003796,0.002344,64,65,1.25,200,20.9517,14.7788,0.988104,852.212,4.78125,4.724373,22.58841,0.994136,0.213793,0.163484,0.554886,0,0
430,Literature,HOERAA,synthetic_literature_baseline,16,,,3,HOERAA,1,1,1000000,0.996163,0.998448,509.156,0.008151,0.004237,95,65,1.25,200,25.1135,17.8669,0.936082,821.331,4.671875,4.373257,20.431309,0.9894,0.25626,0.197645,0.57445,0,0
431,Literature,HOERAA,synthetic_literature_baseline,16,,,4,HOERAA,1,1,1000000,0.994546,0.997787,738.888,0.011424,0.007825,139,65,1.25,200,30.1723,23.1277,0.872846,768.723,4.5625,3.982358,18.16951,0.980424,0.307881,0.255841,0.600117,0,0
432,Literature,HOERAA,synthetic_literature_baseline,16,,,5,HOERAA,1,1,1000000,0.990444,0.996128,1214.761,0.020127,0.012479,181,65,1.25,200,33.5019,27.4531,0.831226,725.469,4.453125,3.701554,16.483484,0.968782,0.341856,0.303689,0.616339,0,0
433,Literature,HOERAA,synthetic_literature_baseline,16,,,6,HOERAA,1,1,1000000,0.986036,0.994343,1737.438,0.029439,0.0179,206,65,1.25,200,36.9289,29.5738,0.788389,704.262,4.34375,3.424565,14.875455,0.95522,0.376826,0.327148,0.627168,0,0
434,Literature,HOERAA,synthetic_literature_baseline,16,,,7,HOERAA,1,1,1000000,0.981359,0.992442,2323.937,0.039156,0.025509,238,65,1.25,200,43.3128,32.9287,0.70859,670.713,4.234375,3.000435,12.704966,0.936185,0.441967,0.36426,0.648824,0,0
435,Literature,HOERAA,synthetic_literature_baseline,16,,,8,HOERAA,1,1,1000000,0.975737,0.990163,3007.592,0.050987,0.032978,267,65,1.25,200,47.6456,38.2736,0.65443,617.264,4.125,2.699523,11.135533,0.9175,0.48618,0.423386,0.667715,0,0
436,Literature,HOERAA,synthetic_literature_baseline,16,,,9,HOERAA,1,1,1000000,0.969831,0.987767,3699.737,0.06336,0.041425,289,65,1.25,200,51.2521,41.391,0.609349,586.09,4.015625,2.446917,9.8259,0.896369,0.522981,0.457871,0.677983,0,0
437,Literature,HOERAA,synthetic_literature_baseline,16,,,10,HOERAA,1,1,1000000,0.96301,0.985002,4505.063,0.07771,0.050506,316,65,1.25,200,54.8711,43.6153,0.564111,563.847,3.90625,2.203559,8.607654,0.873651,0.559909,0.482477,0.685606,0,0
438,Literature,HOERAA,synthetic_literature_baseline,16,,,11,HOERAA,1,1,1000000,0.955353,0.981892,5445.473,0.093674,0.062341,344,65,1.25,200,61.6822,47.8487,0.478972,521.513,3.796875,1.818598,6.904991,0.844044,0.62941,0.529307,0.705975,0,0
439,Literature,HOERAA,synthetic_literature_baseline,16,,,12,HOERAA,1,1,1000000,0.946848,0.97845,6444.072,0.11168,0.0724,359,65,1.25,200,64.6539,52.7352,0.441826,472.648,3.6875,1.629232,6.007794,0.81888,0.659734,0.583362,0.716075,0,0
440,Literature,HOERAA,synthetic_literature_baseline,16,,,13,HOERAA,1,1,1000000,0.93672,0.974348,7721.816,0.133065,0.085023,374,65,1.25,200,69.3364,55.6281,0.383295,443.719,3.578125,1.371476,4.907312,0.787301,0.707514,0.615363,0.724988,0,0
441,Literature,HOERAA,synthetic_literature_baseline,16,,,14,HOERAA,1,1,1000000,0.926629,0.970251,8867.385,0.15413,0.100299,388,65,1.25,200,74.3856,57.5899,0.32018,424.101,3.46875,1.110624,3.852476,0.749086,0.759037,0.637065,0.730164,0,0
442,Literature,HOERAA,synthetic_literature_baseline,16,,,15,HOERAA,1,1,1000000,0.916527,0.966152,10084.456,0.175292,0.11479,400,65,1.25,200,78.7847,63.2096,0.265192,367.904,3.359375,0.890878,2.992793,0.712834,0.803926,0.699231,0.741995,0,0
443,Literature,HOERAA,synthetic_literature_baseline,16,,,16,HOERAA,1,1,1000000,0.904993,0.96148,11529.612,0.19963,0.129324,411,65,1.25,200,83.5115,64.8297,0.206107,351.703,3.25,0.669847,2.177002,0.676475,0.852158,0.717152,0.746099,0,0
